ID,연도,성별,연령,학력,혼인상태,거주지역,직업,주업,직장지위,주5일근무제실시여부,차량보유여부,개인소득,소득분위,관광휴양여부,여행유형,월,계절,여행일수(박),여행총경비,지출비용포함인원수,1인지출비용,개인휴가사용여부,지역코드,시,숙박시설,여행활동1,여행활동2,여행활동3,여행활동4,여행활동5,주요이동교통수단,여행지선택이유_1순위,여행지선택이유_2순위,만족도_자연경관,만족도_문화유산,만족도_교통,만족도_식당및음식,만족도_쇼핑,만족도_관광정보및안내시설,만족도_관광지편의시설,만족도_지역관광종사자의친절성,만족도_체험프로그램,만족도_관광지물가,만족도_관광지혼잡도,전반적만족도,재방문의도,타인추천의도,총만족도
1,2021,1,5,4,2,1,3,3,3,1,1,5,4,Y,4,10,3,0,160000,4,40000,0,9,경기도,0,Y,Y,N,N,N,1,12,14,5,4,4,4,4,5,4,4,4,4,4,4,4,4,만족
2,2021,1,5,4,4,1,3,4,3,2,1,4,3,Y,4,1,4,0,73002,3,24334,0,4,인천광역시,0,Y,Y,N,N,N,1,4,14,4,4,3,3,4,4,4,4,3,4,4,4,4,4,만족
3,2021,1,4,4,2,1,1,3,1,1,1,4,2,Y,4,1,4,0,58000,1,58000,0,10,강원도,0,N,Y,N,N,Y,1,10,4,4,5,4,4,9,4,4,4,4,4,4,4,4,4,만족
4,2021,1,5,4,2,1,1,3,1,1,1,4,4,Y,4,6,2,0,60000,1,60000,0,9,경기도,0,N,N,N,N,Y,1,15,0,9,9,4,4,9,9,9,9,9,9,9,3,3,3,보통
5,2021,2,3,4,1,1,1,3,1,1,1,3,4,N,2,5,1,0,45000,1,45000,0,10,강원도,0,Y,Y,N,N,N,1,4,2,4,4,3,4,3,4,3,3,9,3,4,4,4,4,만족
6,2021,1,3,4,1,1,1,3,1,1,1,4,3,N,5,4,1,0,80001,3,26667,0,9,경기도,0,Y,Y,N,N,N,1,4,2,4,4,3,4,4,3,4,3,9,3,3,4,4,4,만족
7,2021,1,4,4,2,1,1,2,1,1,1,4,3,Y,4,1,4,0,40000,1,40000,0,9,경기도,0,Y,N,N,N,N,1,5,4,4,4,3,4,9,4,4,3,9,4,3,4,4,3,만족
8,2021,2,4,4,2,1,1,2,1,1,1,4,4,Y,4,11,3,5,1000002,6,166667,0,3,대구광역시,0,Y,N,N,Y,N,1,15,0,5,5,4,4,4,5,4,4,9,3,4,5,5,5,매우만족
9,2021,2,2,4,1,1,1,3,1,1,1,3,4,Y,4,6,2,0,150000,3,50000,0,10,강원도,0,Y,N,N,N,N,1,11,5,5,4,4,5,9,5,5,5,9,4,4,4,4,4,만족
10,2021,1,5,4,2,1,2,4,2,2,1,5,3,Y,4,1,4,0,50000,1,50000,0,12,충청남도,0,Y,Y,N,N,Y,1,15,2,5,9,4,4,4,4,4,9,9,4,4,4,4,4,만족
11,2021,1,3,4,1,1,3,4,3,2,1,4,3,Y,1,4,1,2,505834,1,505834,0,17,제주특별자치도,4,Y,Y,Y,N,N,8,2,1,5,4,4,4,4,4,5,4,4,3,4,4,4,4,만족
12,2021,1,4,4,2,1,1,3,1,1,1,5,3,N,1,5,1,0,15000,1,15000,0,9,경기도,0,Y,N,N,N,N,1,1,2,5,9,5,4,9,5,5,4,9,4,4,4,4,4,만족
13,2021,1,3,4,1,1,1,3,1,1,1,4,3,N,1,9,3,0,49998,3,16666,0,9,경기도,0,Y,N,N,N,N,1,2,4,5,5,4,4,9,4,5,4,9,4,4,4,3,3,만족
14,2021,1,5,4,2,1,2,4,2,1,1,5,4,N,1,12,4,0,50000,2,25000,0,13,전라북도,0,Y,N,N,N,N,1,1,2,5,4,4,4,9,5,5,5,9,5,4,4,4,4,만족
15,2021,1,3,4,2,1,1,3,1,1,1,4,3,Y,4,12,4,0,75000,1,75000,0,12,충청남도,0,N,N,N,N,N,1,9,4,9,3,4,4,3,4,4,4,4,3,3,4,3,4,만족
16,2021,1,5,3,2,1,3,6,3,1,1,4,3,Y,4,8,2,0,58000,1,58000,0,12,충청남도,0,N,N,N,N,N,1,3,9,4,3,3,4,4,3,3,4,4,4,3,4,4,4,만족
17,2021,2,4,4,2,1,1,3,1,1,1,4,4,Y,4,4,1,1,159000,1,159000,0,13,전라북도,8,Y,Y,N,Y,N,1,1,8,5,4,4,4,9,5,4,4,9,3,4,5,4,4,매우만족
18,2021,1,4,4,2,1,1,3,1,1,1,5,3,Y,4,8,2,2,725000,4,181250,0,2,부산광역시,1,Y,Y,N,N,N,10,14,3,5,9,4,5,4,5,4,4,9,4,4,5,4,4,매우만족
19,2021,1,4,4,2,1,1,3,1,1,2,3,3,Y,4,9,3,0,50001,3,16667,0,9,경기도,0,Y,Y,N,N,N,6,15,0,4,9,5,4,4,4,4,5,9,3,4,4,4,5,매우만족
20,2021,1,4,4,2,1,1,3,1,1,1,4,2,Y,4,12,4,1,600000,2,300000,0,17,제주특별자치도,1,N,Y,N,N,N,1,2,4,4,5,4,4,5,4,3,5,9,5,5,4,4,4,만족
21,2021,1,4,4,2,1,1,3,1,1,1,4,3,Y,4,1,4,0,177003,3,59001,0,9,경기도,0,Y,Y,N,N,N,1,2,5,5,9,4,5,9,4,4,5,9,3,5,4,4,3,만족
22,2021,1,4,4,2,1,2,1,2,1,1,7,5,N,5,3,1,3,800000,1,800000,0,7,울산광역시,7,Y,Y,Y,N,N,1,5,4,4,9,3,5,9,5,5,5,4,4,3,5,4,4,매우만족
23,2021,1,5,3,2,1,1,3,1,1,1,5,4,N,5,12,4,2,500000,1,500000,0,6,대전광역시,5,N,N,Y,N,N,6,5,1,5,9,4,4,9,4,3,9,5,4,4,4,4,4,만족
24,2021,1,5,3,2,1,1,8,1,2,1,4,3,N,1,1,4,0,90000,2,45000,0,4,인천광역시,0,Y,Y,N,Y,N,1,5,2,4,4,2,3,3,4,4,3,9,2,3,3,3,3,보통
25,2021,1,6,3,2,1,1,4,1,1,1,5,4,N,1,8,2,0,35000,1,35000,0,9,경기도,0,N,N,Y,N,N,1,4,0,5,9,4,9,9,3,3,9,4,9,5,4,4,4,만족
26,2021,1,6,3,2,1,3,8,3,2,1,6,4,N,5,9,3,0,200000,2,100000,0,11,충청북도,0,Y,Y,Y,N,N,1,5,8,5,4,3,5,3,5,4,4,5,3,3,4,4,4,만족
27,2021,1,4,4,2,1,3,5,3,1,1,6,4,Y,4,9,3,0,30000,1,30000,0,4,인천광역시,0,Y,Y,N,Y,N,1,1,5,4,4,2,5,9,4,4,4,9,4,3,4,4,4,만족
28,2021,1,3,4,1,1,1,3,1,1,1,4,4,N,1,10,3,2,420000,2,210000,0,10,강원도,6,Y,Y,Y,Y,N,1,3,8,4,3,3,4,9,4,4,3,4,3,3,4,4,4,만족
29,2021,1,5,4,2,1,2,4,2,1,1,7,5,N,1,10,3,0,950000,4,237500,0,9,경기도,0,N,Y,Y,N,N,1,4,1,4,9,4,3,9,4,4,4,4,3,4,4,4,4,만족
30,2021,2,3,4,1,1,1,3,1,1,1,5,4,N,5,5,1,0,30000,1,30000,0,9,경기도,0,Y,Y,Y,Y,N,6,8,2,5,5,3,4,3,4,4,3,4,3,3,5,4,4,매우만족
31,2021,1,6,3,2,1,3,8,3,2,1,4,3,N,1,5,1,0,30000,1,30000,0,9,경기도,0,Y,N,N,N,N,6,1,3,5,4,4,4,9,4,4,9,4,4,4,4,4,4,만족
32,2021,1,3,4,1,1,1,3,1,1,1,4,4,N,1,5,1,2,200000,1,200000,1,10,강원도,4,Y,Y,N,N,N,1,4,6,5,9,3,4,9,4,5,4,9,3,4,4,4,4,만족
33,2021,1,4,4,2,1,1,2,1,1,1,7,4,N,1,11,3,1,1600000,4,400000,1,10,강원도,4,Y,N,Y,N,N,1,12,6,4,9,4,3,9,4,4,4,4,3,4,4,4,4,만족
34,2021,1,3,4,1,1,1,4,1,1,1,3,3,Y,4,4,1,0,100000,4,25000,0,9,경기도,0,Y,Y,N,Y,N,1,8,3,4,4,3,4,9,3,4,3,9,3,3,4,3,3,만족
35,2021,1,4,4,2,1,1,1,1,1,1,7,5,N,5,4,1,0,50000,2,25000,0,4,인천광역시,0,Y,Y,Y,N,N,3,10,1,5,5,3,5,4,4,4,4,4,3,4,4,4,4,만족
36,2021,1,3,4,1,1,1,3,1,1,1,6,4,N,5,6,2,1,300000,1,300000,0,6,대전광역시,5,Y,Y,Y,Y,N,1,5,6,5,4,4,5,3,4,4,4,5,3,3,5,5,4,매우만족
37,2021,1,4,4,2,1,1,3,1,1,1,4,3,N,5,7,2,0,30000,1,30000,0,9,경기도,0,Y,Y,Y,Y,N,1,5,14,5,5,4,3,3,4,4,4,3,3,4,4,4,4,만족
38,2021,2,3,4,1,1,1,5,1,1,1,3,4,Y,4,3,1,1,435088,2,217544,0,6,대전광역시,2,Y,Y,N,Y,N,1,6,5,3,4,4,5,4,4,4,4,4,5,4,4,4,4,만족
39,2021,1,2,4,1,1,1,3,1,1,1,4,4,Y,4,4,1,1,146667,1,146667,0,16,경상남도,1,Y,Y,N,Y,N,1,4,12,4,4,5,4,4,5,4,4,4,5,4,4,4,4,만족
40,2021,1,2,4,1,2,1,3,1,2,1,3,4,Y,4,3,1,0,278000,2,139000,0,1,서울특별시,0,N,Y,N,Y,Y,5,13,10,9,9,4,3,3,4,4,4,4,3,3,4,4,4,만족
41,2021,1,4,4,2,2,1,3,1,1,1,5,4,Y,4,8,2,1,590000,2,295000,0,4,인천광역시,1,Y,Y,N,N,Y,2,15,2,4,9,3,4,9,4,4,4,9,3,4,4,4,4,만족
42,2021,1,6,4,2,2,1,3,1,1,1,6,3,Y,4,8,2,2,600000,4,150000,0,16,경상남도,2,Y,Y,N,N,Y,1,13,0,4,5,4,4,3,4,4,4,4,4,4,4,4,4,만족
43,2021,1,5,4,2,2,1,3,1,1,1,4,3,Y,4,9,3,0,30000,1,30000,0,16,경상남도,0,N,N,N,N,N,1,11,0,9,9,4,9,9,4,4,4,9,4,4,4,4,3,만족
44,2021,1,3,4,1,2,1,3,1,1,1,3,3,Y,4,12,4,0,48200,1,48200,0,7,울산광역시,0,N,N,N,N,N,1,11,0,3,3,4,4,9,4,4,4,9,4,4,3,4,3,만족
45,2021,1,3,4,1,2,1,3,1,1,1,4,3,Y,4,1,4,0,191000,2,95500,0,6,대전광역시,0,N,Y,N,N,Y,10,13,5,9,9,4,5,9,3,4,4,4,3,4,4,4,4,만족
46,2021,1,4,4,2,2,1,3,1,2,1,5,3,Y,4,1,4,0,298000,2,149000,0,1,서울특별시,0,N,Y,N,Y,Y,2,13,14,9,9,3,4,4,4,4,4,3,4,3,4,4,4,만족
47,2021,2,4,4,1,2,1,3,1,1,1,3,2,Y,4,3,1,0,50000,1,50000,0,3,대구광역시,0,N,N,N,N,Y,1,15,0,9,9,4,4,9,9,9,9,9,4,4,3,4,3,만족
48,2021,1,4,4,2,2,1,3,1,1,1,4,3,Y,4,7,2,0,60000,2,30000,0,16,경상남도,0,N,N,N,N,Y,1,13,0,4,4,4,5,9,4,4,4,9,4,5,3,4,3,만족
49,2021,1,5,4,2,2,1,3,1,2,1,5,3,Y,4,6,2,0,103100,1,103100,0,6,대전광역시,0,N,N,N,N,Y,1,10,11,9,9,3,4,9,3,4,4,4,3,4,4,4,4,만족
50,2021,1,6,4,2,2,2,3,2,2,1,5,3,Y,4,8,2,0,154000,1,154000,0,6,대전광역시,0,N,Y,N,Y,Y,5,2,8,4,9,4,4,4,4,4,4,9,4,4,4,4,4,만족
51,2021,1,3,4,2,2,1,3,1,1,1,3,2,Y,4,1,4,1,425000,2,212500,0,16,경상남도,3,Y,N,N,N,N,1,2,1,5,5,4,5,5,4,4,9,9,3,3,4,4,4,만족
52,2021,2,3,4,1,2,1,4,1,1,1,3,4,Y,4,2,4,0,205500,2,102750,0,3,대구광역시,0,Y,N,N,N,Y,1,9,13,5,9,5,4,9,4,5,9,9,4,4,4,5,4,매우만족
53,2021,1,3,4,1,2,1,3,1,1,1,4,4,N,5,2,4,0,80000,2,40000,0,16,경상남도,0,Y,Y,N,N,N,1,8,12,9,4,4,5,4,4,4,5,9,4,4,5,5,4,매우만족
54,2021,1,4,4,1,2,1,3,1,1,1,5,3,N,5,2,4,0,50000,2,25000,0,7,울산광역시,0,Y,Y,Y,N,N,1,8,1,5,9,4,4,5,4,4,5,9,4,5,4,4,4,만족
55,2021,1,4,4,2,2,1,2,1,1,1,5,3,N,5,12,4,0,100000,1,100000,0,1,서울특별시,0,Y,Y,N,N,N,1,14,1,5,5,4,5,9,4,4,3,4,3,4,4,4,4,만족
56,2021,2,4,4,1,2,1,3,1,1,1,4,4,Y,4,4,1,0,42000,1,42000,0,7,울산광역시,0,Y,N,N,N,N,1,1,11,5,4,5,4,4,4,5,4,9,4,9,4,4,4,만족
57,2021,1,6,4,2,2,1,2,1,1,1,7,5,Y,4,7,2,0,130000,4,32500,0,16,경상남도,0,Y,N,N,N,Y,1,4,9,4,4,5,5,5,4,5,5,5,5,4,4,4,4,만족
58,2021,1,5,4,2,2,1,7,1,1,1,6,3,Y,4,3,1,2,450000,2,225000,0,7,울산광역시,0,Y,N,N,Y,N,1,1,2,4,3,4,3,2,3,3,4,2,3,4,4,4,4,만족
59,2021,1,5,2,4,2,1,1,1,1,1,4,3,Y,4,4,1,2,150000,1,150000,0,7,울산광역시,2,Y,Y,N,N,N,1,15,0,4,3,4,4,4,4,4,3,4,5,4,4,4,4,만족
60,2021,1,6,4,2,2,3,7,3,2,1,4,2,Y,4,9,3,0,100000,2,50000,0,16,경상남도,0,Y,Y,N,N,N,1,8,1,5,4,5,4,9,3,5,5,9,4,4,5,4,4,매우만족
61,2021,1,5,4,2,2,1,3,1,1,1,7,4,Y,4,1,4,0,100000,4,25000,0,7,울산광역시,0,Y,N,N,N,Y,1,5,2,5,5,5,5,4,5,5,5,5,5,5,4,4,4,만족
62,2021,1,3,4,1,2,1,3,1,1,1,4,3,Y,1,8,2,1,300000,2,150000,1,15,경상북도,3,Y,N,N,Y,N,1,2,5,3,4,4,3,3,4,4,3,4,4,4,3,3,3,보통
63,2021,1,4,3,2,2,1,8,1,1,1,4,3,Y,4,9,3,1,500000,1,500000,0,17,제주특별자치도,0,Y,Y,N,N,N,3,8,15,5,9,5,4,9,4,4,4,9,4,4,4,4,4,만족
64,2021,1,5,4,4,2,1,3,1,1,1,5,3,Y,4,2,4,0,65000,1,65000,0,15,경상북도,0,N,Y,N,N,N,1,3,0,4,9,4,5,9,9,4,4,9,4,4,4,4,4,만족
65,2021,1,4,4,2,2,1,7,1,2,1,4,2,Y,4,1,4,0,42500,1,42500,0,16,경상남도,0,N,N,N,N,Y,1,15,0,9,9,4,4,9,9,9,9,9,9,9,4,4,4,만족
66,2021,2,3,4,1,2,1,3,1,1,1,3,4,Y,4,9,3,0,300000,2,150000,0,1,서울특별시,0,N,Y,N,N,Y,2,8,13,9,9,4,4,9,9,4,4,4,3,4,4,4,4,만족
67,2021,2,2,4,1,2,1,3,1,1,1,2,3,Y,4,2,4,0,119000,2,59500,0,3,대구광역시,0,N,N,N,Y,Y,1,13,9,9,9,4,3,4,4,5,4,4,3,4,4,4,4,만족
68,2021,1,4,4,2,2,1,4,1,1,1,6,4,Y,4,4,1,1,147500,1,147500,0,5,광주광역시,2,Y,N,N,N,Y,1,9,5,5,5,4,5,5,5,5,5,4,4,5,4,4,4,만족
69,2021,1,3,4,2,2,1,3,1,1,1,4,2,Y,4,1,4,0,78500,1,78500,0,16,경상남도,0,N,N,N,N,Y,1,15,0,9,9,4,4,9,9,9,9,9,9,9,4,4,4,만족
70,2021,1,3,4,2,2,1,3,1,1,1,3,2,Y,4,10,3,0,65000,1,65000,0,16,경상남도,0,N,N,N,N,Y,1,15,0,9,9,4,4,9,9,9,4,9,3,4,4,4,4,만족
71,2021,1,4,3,1,2,1,7,1,2,1,3,2,Y,4,6,2,0,38000,1,38000,0,7,울산광역시,0,Y,N,N,N,N,1,5,1,4,9,4,4,9,9,4,5,4,9,4,4,4,4,만족
72,2021,1,3,4,1,2,1,7,1,2,1,4,3,Y,4,7,2,0,100000,2,50000,0,16,경상남도,0,N,Y,N,N,Y,1,3,14,9,9,5,5,9,5,5,5,9,9,5,5,4,4,매우만족
73,2021,2,4,4,2,2,1,3,1,1,1,3,2,Y,4,9,3,0,45003,3,15001,0,16,경상남도,0,Y,Y,N,N,N,1,1,5,4,9,4,4,9,4,9,4,5,5,4,4,4,4,만족
74,2021,2,3,4,1,2,1,3,1,1,1,3,4,N,5,2,4,0,40000,2,20000,0,7,울산광역시,0,Y,N,N,N,N,1,4,2,4,9,4,5,9,4,9,9,9,4,4,4,4,4,만족
75,2021,1,3,4,2,2,1,3,1,1,1,4,2,Y,4,12,4,0,120000,2,60000,0,15,경상북도,0,N,Y,N,N,Y,1,13,10,4,9,4,4,4,4,4,5,5,5,5,4,4,4,만족
76,2021,1,4,3,2,2,1,3,1,2,1,3,3,Y,4,4,1,1,133000,1,133000,0,15,경상북도,0,Y,N,N,Y,Y,1,5,0,5,4,4,4,9,4,4,4,9,4,4,4,4,4,만족
77,2021,1,5,4,2,2,1,3,1,1,1,5,3,Y,4,2,4,1,259000,2,129500,0,11,충청북도,7,Y,N,N,N,Y,1,6,12,5,9,5,4,4,4,5,5,9,5,5,5,4,4,매우만족
78,2021,1,4,4,2,2,1,3,1,2,1,5,3,Y,4,4,1,0,98000,1,98000,0,3,대구광역시,0,N,N,N,N,Y,1,13,0,9,9,3,3,9,9,3,4,4,3,4,4,4,4,만족
79,2021,2,6,3,2,2,3,5,3,2,1,3,2,Y,4,5,1,0,36665,1,36665,0,7,울산광역시,0,Y,N,N,N,Y,1,8,5,5,4,5,5,5,4,4,5,5,5,5,4,4,4,만족
80,2021,1,4,3,2,2,1,8,1,1,1,4,3,Y,4,7,2,0,90000,2,45000,0,16,경상남도,0,Y,N,N,N,Y,1,5,15,5,9,4,5,5,5,4,4,9,4,4,4,5,4,매우만족
81,2021,1,3,4,2,2,1,3,1,1,1,4,3,Y,4,10,3,0,120000,2,60000,0,3,대구광역시,0,N,Y,N,N,Y,1,13,3,9,9,4,4,3,3,4,4,4,4,4,4,4,4,만족
82,2021,1,5,4,2,2,1,2,1,1,1,6,4,Y,4,3,1,2,1075000,5,215000,0,12,충청남도,7,Y,N,N,Y,N,2,3,10,4,3,3,4,3,4,5,4,2,3,4,4,4,3,만족
83,2021,1,5,4,2,2,1,3,1,2,1,6,3,Y,4,5,1,0,71668,1,71668,0,3,대구광역시,0,N,Y,N,N,Y,1,11,13,4,9,4,5,9,4,3,4,4,3,4,4,4,4,만족
84,2021,1,5,4,2,2,1,3,1,2,1,5,4,Y,4,12,4,0,199998,3,66666,0,16,경상남도,0,Y,Y,N,N,N,1,13,10,4,9,4,5,4,4,4,4,4,3,5,4,4,4,만족
85,2021,1,3,4,1,2,1,8,1,1,1,4,3,Y,5,1,4,0,40000,2,20000,0,16,경상남도,0,Y,N,N,N,N,1,1,4,4,9,4,9,4,9,4,5,9,4,4,4,4,4,만족
86,2021,1,4,4,2,2,1,3,1,1,1,5,4,Y,4,1,4,2,360000,2,180000,0,7,울산광역시,2,Y,N,Y,Y,N,1,13,0,4,3,4,3,4,3,4,3,2,3,3,3,3,3,보통
87,2021,1,4,4,2,2,1,3,1,1,1,4,2,Y,4,2,4,0,42000,1,42000,0,16,경상남도,0,N,N,N,N,Y,1,15,0,9,9,4,4,9,9,9,4,9,3,4,4,4,4,만족
88,2021,1,4,4,2,2,1,3,1,1,1,7,4,Y,4,2,4,0,325000,2,162500,0,7,울산광역시,0,N,Y,N,N,N,1,15,0,4,3,4,4,3,2,3,3,2,3,3,4,3,3,만족
89,2021,1,5,4,2,2,1,7,1,1,1,5,3,Y,4,3,1,0,159500,2,79750,0,15,경상북도,0,Y,Y,N,N,N,1,5,8,4,9,4,5,4,4,4,4,9,4,4,4,4,4,만족
90,2021,1,2,4,1,2,1,3,1,1,1,3,4,Y,4,4,1,0,138000,1,138000,0,6,대전광역시,0,N,N,N,Y,Y,10,13,0,9,9,4,3,9,9,3,9,3,4,4,4,4,4,만족
91,2021,1,5,4,2,2,1,1,1,1,1,6,3,Y,4,6,2,0,63000,1,63000,0,3,대구광역시,0,N,N,N,N,Y,1,13,4,9,9,3,3,9,9,3,4,4,4,3,4,4,4,만족
92,2021,1,2,4,1,2,1,3,1,1,1,3,3,Y,4,7,2,0,101000,2,50500,0,7,울산광역시,0,N,Y,N,N,Y,1,8,4,9,9,4,4,9,3,4,4,4,3,3,4,4,4,만족
93,2021,1,3,4,1,2,3,5,3,1,1,5,4,Y,4,9,3,0,205000,4,51250,0,7,울산광역시,0,Y,Y,N,Y,N,1,15,0,4,3,3,4,4,4,5,4,3,4,4,4,4,4,만족
94,2021,2,3,4,1,2,1,3,1,1,1,3,2,Y,4,9,3,1,350000,1,350000,0,1,서울특별시,2,N,Y,N,N,N,1,5,7,9,9,5,5,5,5,5,5,9,4,4,5,5,5,매우만족
95,2021,2,3,4,1,2,1,3,1,1,1,4,3,Y,4,11,3,0,300000,2,150000,0,1,서울특별시,0,Y,Y,N,N,Y,2,13,11,4,9,3,4,9,4,4,4,4,3,3,4,4,4,만족
96,2021,2,2,4,1,2,1,3,1,1,1,3,4,Y,4,5,1,1,155000,1,155000,0,3,대구광역시,2,Y,Y,N,N,N,1,2,1,4,4,4,4,4,4,4,4,9,4,4,4,4,4,만족
97,2021,1,4,4,2,2,1,3,1,1,1,4,2,Y,4,4,1,0,60000,1,60000,0,16,경상남도,0,N,N,N,N,Y,1,15,0,9,9,4,4,9,9,4,4,9,4,4,3,4,2,보통
98,2021,1,4,4,2,2,1,3,1,1,1,4,3,Y,4,5,1,0,100000,1,100000,0,16,경상남도,0,N,N,N,N,Y,1,1,2,4,4,5,4,4,3,5,4,4,4,4,4,4,4,만족
99,2021,1,3,4,2,2,1,3,1,1,1,4,2,Y,4,7,2,1,500000,2,250000,0,1,서울특별시,2,Y,Y,N,N,Y,1,14,1,4,5,4,4,4,4,4,4,9,4,4,4,4,4,만족
100,2021,1,4,4,2,2,1,3,1,1,1,6,4,Y,4,11,3,0,130000,4,32500,0,16,경상남도,0,N,Y,N,N,N,1,13,0,3,3,4,4,3,4,3,3,3,3,4,3,3,3,보통
101,2021,2,4,4,2,2,3,4,3,2,1,2,2,Y,4,2,4,1,90000,3,30000,0,16,경상남도,12,Y,N,N,N,N,1,5,0,4,9,3,9,9,9,9,9,9,4,4,4,4,4,만족
102,2021,1,2,4,1,2,1,3,1,1,1,3,4,Y,4,3,1,2,590000,2,295000,0,4,인천광역시,2,Y,Y,N,N,Y,1,15,2,5,4,2,4,9,5,4,4,3,2,3,4,4,4,만족
103,2021,1,4,4,2,2,1,4,1,2,1,4,3,Y,4,4,1,0,62500,1,62500,0,7,울산광역시,0,Y,N,N,N,Y,1,2,11,5,5,5,4,5,5,5,5,5,5,5,4,4,4,만족
104,2021,2,3,4,1,2,1,4,1,1,1,6,4,Y,4,5,1,0,31250,1,31250,0,16,경상남도,0,Y,N,N,N,Y,1,2,1,5,4,5,5,5,4,5,5,5,5,4,4,4,4,만족
105,2021,1,5,4,2,2,1,3,1,1,1,6,3,Y,4,11,3,0,100000,2,50000,0,16,경상남도,0,N,N,N,N,Y,1,1,4,3,3,4,4,3,4,4,4,2,4,4,3,4,3,만족
106,2021,1,5,4,1,3,3,7,3,1,1,4,3,Y,4,3,1,0,100000,2,50000,0,15,경상북도,0,Y,Y,N,N,Y,1,3,5,4,9,4,4,4,4,4,4,9,4,4,4,4,4,만족
107,2021,2,4,3,2,3,1,4,1,2,1,3,3,Y,4,1,4,1,255000,2,127500,0,15,경상북도,2,Y,Y,N,N,N,1,14,15,5,9,3,5,9,4,4,4,9,4,3,4,4,4,만족
108,2021,1,4,4,1,3,1,3,1,1,1,3,2,Y,4,2,4,0,32000,1,32000,0,15,경상북도,0,Y,N,N,N,N,1,3,4,4,9,4,3,9,3,3,3,9,2,4,3,3,3,보통
109,2021,2,7,3,2,3,3,4,3,2,1,3,3,Y,4,3,1,0,245000,1,245000,0,15,경상북도,0,Y,Y,N,N,N,1,7,9,4,9,5,4,5,4,4,4,9,4,4,4,4,4,만족
110,2021,1,5,3,2,3,3,4,3,2,1,5,3,Y,4,3,1,0,105000,2,52500,0,9,경기도,0,Y,N,N,N,N,1,14,5,4,9,2,4,9,3,4,4,9,3,4,3,4,3,만족
111,2021,1,6,3,2,3,3,5,3,2,1,5,3,Y,4,6,2,0,50000,1,50000,0,15,경상북도,0,Y,Y,N,N,N,1,3,5,4,9,4,5,5,4,4,5,9,4,5,4,4,4,만족
112,2021,2,6,2,2,3,3,5,3,2,1,4,3,Y,4,11,3,0,500000,2,250000,0,16,경상남도,0,Y,Y,N,N,N,11,7,4,4,9,3,5,5,4,3,4,9,4,3,4,4,4,만족
113,2021,2,7,2,2,3,3,5,3,2,1,4,4,Y,4,11,3,0,200000,2,100000,0,15,경상북도,0,Y,Y,N,N,N,1,7,9,5,9,4,4,5,4,4,5,9,3,3,4,4,3,만족
114,2021,2,5,3,3,3,1,4,1,2,1,3,3,Y,4,4,1,0,84500,1,84500,0,15,경상북도,0,Y,Y,N,N,N,1,4,1,4,4,5,4,4,4,4,5,9,4,4,4,3,4,만족
115,2021,1,5,3,2,3,3,5,3,2,1,3,3,Y,4,12,4,0,300000,3,100000,0,10,강원도,0,Y,N,N,N,N,1,14,11,4,4,5,4,5,4,4,4,9,4,4,5,4,4,매우만족
116,2021,1,6,4,2,3,1,3,1,1,1,5,3,Y,4,10,3,1,153000,1,153000,0,11,충청북도,7,N,N,N,N,Y,1,13,0,4,9,5,4,9,9,9,9,9,5,5,4,5,5,매우만족
117,2021,2,4,4,2,3,1,3,1,1,1,3,4,N,5,3,1,1,60000,1,60000,0,11,충청북도,7,Y,Y,N,Y,N,1,2,14,5,5,5,4,9,5,5,5,9,5,5,5,5,5,매우만족
118,2021,1,5,3,2,3,1,7,1,1,1,4,3,Y,4,11,3,0,100002,3,33334,0,15,경상북도,0,Y,Y,N,N,N,1,1,14,4,9,5,4,9,3,4,5,9,4,5,4,4,4,만족
119,2021,1,2,4,1,3,1,8,1,1,1,3,3,Y,4,2,4,0,31000,1,31000,0,15,경상북도,0,Y,Y,N,N,N,1,1,0,4,9,5,4,4,3,4,3,9,3,4,3,3,4,만족
120,2021,2,3,4,1,3,3,5,3,2,1,4,4,Y,4,6,2,0,100000,1,100000,0,2,부산광역시,0,Y,N,N,N,N,1,4,2,4,9,3,3,9,9,4,4,9,3,5,4,3,4,만족
121,2021,2,2,4,1,3,3,4,3,2,1,3,3,Y,4,10,3,1,500001,3,166667,0,1,서울특별시,1,N,Y,N,Y,Y,1,2,6,4,9,3,4,9,4,4,4,9,2,3,4,4,4,만족
122,2021,1,3,4,1,3,1,4,1,2,1,3,2,Y,4,11,3,2,400000,2,200000,0,5,광주광역시,2,N,Y,Y,N,Y,1,2,3,4,9,2,5,9,4,4,4,9,2,3,4,4,4,만족
123,2021,2,3,4,1,3,1,3,1,1,1,3,3,Y,4,10,3,0,100000,1,100000,0,16,경상남도,0,Y,Y,N,N,N,1,1,5,5,9,3,5,9,5,4,4,9,4,4,4,4,4,만족
124,2021,1,5,4,1,3,1,7,1,2,1,4,3,N,5,7,2,0,45000,1,45000,0,15,경상북도,0,Y,Y,N,N,N,1,5,1,5,4,4,5,9,4,4,4,9,3,4,5,4,4,매우만족
125,2021,1,5,3,4,3,3,5,3,2,1,5,3,N,5,4,1,0,100000,1,100000,0,15,경상북도,0,Y,Y,N,N,N,1,5,2,5,9,5,4,9,4,4,4,9,3,4,5,5,4,매우만족
126,2021,1,5,3,2,3,2,4,2,2,1,7,4,Y,4,8,2,0,299997,3,99999,0,15,경상북도,0,N,Y,N,N,N,1,7,8,4,9,4,4,5,5,4,4,9,2,3,4,4,4,만족
127,2021,1,6,2,2,3,1,8,1,2,1,3,2,Y,4,11,3,0,70000,2,35000,0,15,경상북도,0,Y,N,N,N,N,11,2,14,4,9,5,4,9,3,4,4,9,4,4,4,4,3,만족
128,2021,1,4,4,1,3,1,4,1,1,1,4,3,Y,4,12,4,0,200000,2,100000,0,9,경기도,0,N,N,Y,Y,N,1,1,2,4,4,2,4,9,5,4,4,9,2,3,4,4,4,만족
129,2021,1,6,3,2,3,3,8,3,1,1,2,2,Y,4,3,1,0,24000,1,24000,0,15,경상북도,0,Y,N,N,N,N,1,9,2,4,9,4,4,9,4,4,4,9,3,5,3,3,3,보통
130,2021,2,4,4,2,4,1,3,1,1,1,4,4,N,1,1,4,0,609999,3,203333,0,9,경기도,0,N,Y,N,N,N,1,7,4,9,9,4,4,4,4,4,9,9,9,9,4,4,4,만족
131,2021,2,5,3,2,4,2,4,2,2,1,3,3,Y,4,4,1,0,145000,1,145000,0,1,서울특별시,0,N,Y,N,N,N,1,7,9,9,9,4,4,4,5,4,4,9,4,4,4,4,4,만족
132,2021,1,3,4,1,4,1,3,1,1,1,4,3,N,5,5,1,0,30000,1,30000,0,1,서울특별시,0,Y,Y,N,N,N,1,15,0,9,9,4,5,9,9,9,9,9,9,4,4,4,4,만족
133,2021,2,5,3,2,4,1,4,1,1,1,3,3,N,5,6,2,0,20000,1,20000,0,1,서울특별시,0,Y,N,N,N,N,1,5,14,4,5,4,4,9,4,4,4,5,4,4,4,4,4,만족
134,2021,1,2,4,1,4,1,4,1,1,1,3,4,N,1,6,2,2,500000,1,500000,0,2,부산광역시,5,Y,Y,N,Y,N,6,2,1,5,4,3,5,3,4,4,4,9,3,4,4,4,4,만족
135,2021,1,4,4,2,4,1,4,1,1,1,4,2,Y,4,6,2,2,4000000,8,500000,0,17,제주특별자치도,7,Y,Y,N,Y,Y,3,6,13,5,5,4,4,3,4,4,3,4,3,4,4,4,4,만족
136,2021,1,4,4,2,4,1,3,1,1,1,4,3,N,5,3,1,0,50000,1,50000,0,1,서울특별시,0,Y,Y,N,Y,N,1,1,6,5,5,3,4,3,4,4,3,3,3,4,4,4,4,만족
137,2021,1,2,4,1,4,1,3,1,1,1,3,3,N,3,5,1,0,20000,1,20000,0,1,서울특별시,0,Y,Y,N,N,N,1,2,4,5,5,4,5,5,5,4,4,9,4,4,4,4,4,만족
138,2021,2,2,4,1,4,1,3,1,1,1,2,3,Y,4,7,2,0,30000,1,30000,0,1,서울특별시,0,N,N,N,N,N,1,15,0,9,5,4,4,9,5,5,4,9,4,4,4,4,4,만족
139,2021,1,5,3,2,4,1,4,1,1,1,3,2,N,5,7,2,0,20000,1,20000,0,1,서울특별시,0,N,Y,Y,N,N,1,4,3,4,9,3,4,9,4,4,4,4,3,4,4,4,4,만족
140,2021,1,4,3,2,4,3,7,3,2,1,4,2,N,2,6,2,2,106668,1,106668,1,12,충청남도,12,Y,Y,N,Y,N,1,5,4,5,5,3,5,9,4,4,4,9,3,3,5,3,4,만족
141,2021,1,3,4,1,4,1,7,1,1,1,4,3,Y,4,7,2,4,1000000,2,500000,0,14,전라남도,3,Y,Y,N,Y,N,1,11,1,5,4,3,5,3,3,3,4,9,4,4,4,4,4,만족
142,2021,1,6,4,2,4,1,4,1,1,1,4,3,Y,5,6,2,0,300000,2,150000,0,16,경상남도,0,N,N,N,N,Y,1,14,11,9,9,2,3,9,9,9,4,9,3,2,3,4,3,만족
143,2021,1,5,4,2,4,1,3,1,2,1,5,3,Y,4,10,3,0,105000,1,105000,0,3,대구광역시,0,N,N,N,N,Y,1,13,0,3,3,3,4,4,4,4,4,4,3,4,3,4,4,만족
144,2021,1,3,4,1,4,1,4,1,1,1,4,3,Y,4,11,3,0,20000,1,20000,0,1,서울특별시,0,N,N,N,N,Y,1,4,0,3,3,3,4,3,3,3,3,3,3,3,3,3,3,보통
145,2021,2,2,4,1,4,1,4,1,1,1,2,4,Y,4,11,3,0,140000,2,70000,0,1,서울특별시,0,N,Y,N,N,N,5,1,5,4,4,4,5,5,5,4,5,5,4,5,5,4,4,매우만족
146,2021,2,4,4,2,4,1,3,1,1,1,4,4,Y,4,6,2,0,49500,1,49500,0,9,경기도,0,Y,N,N,N,Y,1,13,1,5,9,5,5,9,9,5,9,5,4,5,3,3,3,보통
147,2021,2,2,4,1,4,1,3,1,1,1,3,3,Y,4,8,2,0,96250,1,96250,0,12,충청남도,0,Y,N,N,N,N,1,5,11,4,5,4,4,3,4,4,5,4,9,4,4,4,4,만족
148,2021,1,3,4,1,4,1,3,1,1,1,5,3,N,5,9,3,0,70000,1,70000,0,8,세종특별자치시,0,Y,Y,N,N,N,1,2,7,5,4,4,4,3,4,4,4,4,4,5,4,4,4,만족
149,2021,1,3,4,2,4,1,3,1,1,1,4,4,N,1,8,2,0,162000,2,81000,0,12,충청남도,0,Y,Y,N,N,N,1,2,3,4,4,5,4,4,5,4,4,4,3,4,4,4,4,만족
150,2021,1,5,3,4,4,1,4,1,1,1,4,4,Y,4,3,1,0,30000,1,30000,0,1,서울특별시,0,N,N,N,N,Y,5,10,11,9,9,4,4,9,9,9,9,5,4,4,4,4,4,만족
151,2021,1,5,3,2,4,3,7,3,2,1,4,4,N,1,10,3,1,202000,1,202000,0,11,충청북도,2,Y,N,Y,N,N,1,14,0,9,9,4,3,9,3,4,4,9,4,4,3,4,3,만족
152,2021,1,3,4,1,5,1,2,1,1,1,3,2,Y,4,9,3,0,150000,2,75000,0,14,전라남도,0,Y,N,Y,N,N,1,4,14,3,4,3,5,9,9,3,3,9,3,3,3,3,3,보통
153,2021,2,4,4,2,5,1,3,1,1,1,4,4,N,5,2,4,0,65000,4,16250,0,13,전라북도,0,Y,Y,N,N,N,1,2,4,5,9,5,5,9,5,5,5,9,5,5,4,5,5,매우만족
154,2021,1,3,4,1,5,1,3,1,1,1,4,3,N,1,1,4,0,134200,2,67100,0,14,전라남도,0,Y,Y,N,Y,N,1,2,12,5,9,5,5,9,5,5,5,9,5,5,4,4,4,만족
155,2021,1,3,4,2,5,1,2,1,1,1,4,3,Y,3,7,2,0,150000,3,50000,0,14,전라남도,0,Y,Y,N,Y,N,3,5,6,4,4,3,4,5,9,5,4,9,5,5,5,4,4,매우만족
156,2021,1,5,4,2,5,1,3,1,1,1,4,3,Y,2,1,4,1,290000,4,72500,0,14,전라남도,0,Y,N,N,Y,Y,1,11,9,3,4,3,3,9,9,3,4,9,3,3,3,3,3,보통
157,2021,1,4,4,2,5,1,3,1,1,1,4,3,Y,4,2,4,1,437000,2,218500,0,2,부산광역시,0,Y,Y,N,Y,Y,1,12,1,4,4,4,3,9,4,5,4,9,3,4,4,4,4,만족
158,2021,1,3,4,2,5,1,3,1,1,1,3,3,Y,4,3,1,0,190000,2,95000,0,13,전라북도,0,Y,Y,N,N,Y,1,11,8,4,5,4,5,4,9,4,4,9,4,5,4,4,4,만족
159,2021,1,3,4,2,5,1,3,1,2,1,3,3,N,5,8,2,0,50000,1,50000,0,14,전라남도,0,Y,Y,N,N,N,1,3,1,4,9,4,5,9,4,4,4,9,4,4,4,4,4,만족
160,2021,1,4,4,2,5,1,5,1,2,1,5,3,Y,4,10,3,0,299997,3,99999,0,14,전라남도,0,Y,Y,Y,N,N,1,4,2,5,9,4,5,9,4,4,5,4,4,5,4,4,4,만족
161,2021,2,3,4,2,5,3,4,3,2,1,4,3,Y,4,6,2,0,1065000,1,1065000,0,1,서울특별시,0,N,Y,N,N,N,1,15,0,9,9,5,5,5,9,5,9,9,9,9,5,5,5,매우만족
162,2021,1,5,4,1,5,1,2,1,1,1,4,3,Y,4,3,1,0,110000,1,110000,0,9,경기도,0,N,N,N,N,Y,2,13,0,5,4,5,4,3,4,5,4,5,5,5,4,4,4,만족
163,2021,1,4,4,2,5,1,3,1,1,1,5,3,Y,4,8,2,0,200000,2,100000,0,13,전라북도,0,Y,N,N,Y,N,1,1,8,4,5,5,4,9,5,4,5,4,4,5,4,4,4,만족
164,2021,2,3,4,2,5,1,3,1,2,1,3,3,Y,4,8,2,1,930003,3,310001,0,2,부산광역시,2,Y,Y,N,N,N,1,14,1,5,4,3,4,9,5,4,4,5,4,3,4,4,4,만족
165,2021,2,5,3,2,5,3,5,3,2,1,5,3,Y,4,1,4,0,50000,2,25000,0,13,전라북도,0,Y,N,N,N,N,1,4,14,4,4,4,4,9,4,4,4,9,4,4,4,3,3,만족
166,2021,1,5,4,2,6,1,1,1,1,1,6,4,Y,4,1,4,0,150000,2,75000,0,12,충청남도,0,N,Y,N,Y,Y,1,13,2,4,4,5,4,9,4,5,4,4,5,4,3,4,4,만족
167,2021,1,5,3,4,6,3,7,3,1,1,3,2,Y,4,7,2,0,70000,1,70000,0,11,충청북도,0,Y,Y,N,Y,Y,1,5,4,3,4,3,3,9,3,4,3,3,4,4,3,3,3,보통
168,2021,1,3,4,1,6,1,3,1,1,1,3,2,N,1,10,3,0,75500,1,75500,0,13,전라북도,0,Y,N,N,Y,N,1,2,1,4,4,3,4,4,3,3,4,9,3,3,4,4,4,만족
169,2021,1,5,4,4,6,1,3,1,1,1,4,3,Y,4,10,3,0,70000,1,70000,0,8,세종특별자치시,0,Y,Y,N,N,N,1,9,3,3,4,3,4,3,3,4,9,4,2,2,3,2,2,불만족
170,2021,1,6,4,4,6,1,3,1,1,1,3,2,Y,4,6,2,0,50000,1,50000,0,9,경기도,0,Y,N,N,N,N,1,9,0,4,9,3,3,9,9,4,3,9,4,4,2,2,2,불만족
171,2021,1,3,4,1,6,1,2,1,1,1,3,3,Y,4,6,2,0,100000,1,100000,0,4,인천광역시,0,Y,Y,N,Y,N,1,8,1,3,4,5,4,3,4,5,5,4,5,4,4,3,3,만족
172,2021,1,5,3,4,6,3,7,3,1,1,3,2,Y,4,4,1,0,81000,1,81000,0,11,충청북도,0,N,Y,N,Y,Y,1,3,1,3,3,2,2,3,3,4,4,4,4,3,3,4,3,만족
173,2021,2,2,4,2,6,1,4,1,1,1,3,4,Y,4,3,1,0,100000,2,50000,0,8,세종특별자치시,0,Y,N,N,N,N,1,5,9,4,9,5,5,4,5,5,5,9,5,5,4,4,4,만족
174,2021,1,3,4,2,6,1,3,1,1,1,5,3,N,5,9,3,0,50000,1,50000,0,8,세종특별자치시,0,Y,Y,N,N,N,1,4,14,5,9,3,4,9,9,9,9,9,4,3,3,4,4,만족
175,2021,1,3,4,1,6,1,3,1,1,1,3,2,N,1,11,3,0,84000,1,84000,0,13,전라북도,0,Y,Y,N,Y,N,1,1,2,4,4,4,4,3,3,4,4,9,3,3,4,4,4,만족
176,2021,2,4,4,2,6,1,3,1,1,1,3,4,N,5,7,2,0,30000,2,15000,0,8,세종특별자치시,0,Y,Y,N,N,N,1,5,2,5,9,5,5,9,5,5,5,9,4,5,4,4,4,만족
177,2021,1,4,4,2,6,1,3,1,1,1,5,3,Y,3,1,4,1,300000,2,150000,0,11,충청북도,12,N,N,N,N,Y,1,13,0,9,9,5,4,9,9,9,9,9,9,9,4,4,4,만족
178,2021,1,3,4,2,6,1,3,1,1,1,4,3,Y,1,1,4,0,150000,2,75000,0,12,충청남도,0,N,N,N,N,Y,1,13,0,9,9,5,5,9,9,9,9,9,9,9,4,4,4,만족
179,2021,2,3,4,2,6,1,3,1,1,1,3,3,Y,4,3,1,0,120000,1,120000,0,12,충청남도,0,Y,Y,N,N,N,1,2,8,5,4,4,4,9,4,4,4,9,4,4,4,4,4,만족
180,2021,1,3,4,2,6,1,3,1,1,1,5,3,N,5,1,4,0,30000,1,30000,0,11,충청북도,0,Y,Y,N,Y,N,1,8,13,5,4,4,4,4,5,4,4,9,4,4,4,4,4,만족
181,2021,1,5,4,2,6,1,2,1,1,1,4,4,N,5,3,1,0,200000,4,50000,0,1,서울특별시,0,Y,Y,Y,N,N,1,15,1,5,9,4,4,9,9,3,4,5,4,4,4,5,4,매우만족
182,2021,1,4,4,2,6,1,8,1,1,1,4,3,Y,4,3,1,0,45000,1,45000,0,11,충청북도,0,N,Y,N,N,Y,1,5,4,2,1,2,3,9,9,3,2,9,2,2,3,2,2,불만족
183,2021,1,2,4,1,6,1,3,1,2,1,3,3,Y,4,11,3,0,150000,2,75000,0,9,경기도,0,N,Y,N,N,Y,1,3,5,2,9,2,2,5,9,4,2,9,3,3,4,3,3,만족
184,2021,1,6,4,2,6,3,7,3,2,1,4,3,N,1,1,4,0,50000,1,50000,0,12,충청남도,0,Y,Y,N,N,N,1,5,8,5,9,5,5,5,4,4,9,9,5,4,4,4,4,만족
185,2021,1,3,4,2,6,1,3,1,1,1,6,3,Y,4,1,4,0,73667,1,73667,0,11,충청북도,0,N,N,N,N,Y,1,13,0,5,9,5,5,9,9,5,5,9,4,5,4,4,4,만족
186,2021,1,5,4,2,6,1,1,1,1,1,6,4,Y,4,1,4,0,80000,2,40000,0,12,충청남도,0,Y,Y,N,N,N,1,2,8,5,9,5,4,9,4,4,9,9,4,5,4,4,4,만족
187,2021,1,3,4,1,6,1,3,1,1,1,3,2,N,1,4,1,0,28500,1,28500,0,13,전라북도,0,Y,Y,N,N,N,1,1,4,5,9,4,4,9,4,4,4,9,4,4,5,5,5,매우만족
188,2021,1,3,4,1,6,1,3,1,1,1,3,2,N,2,5,1,0,164000,1,164000,0,13,전라북도,0,Y,Y,N,Y,N,1,1,12,5,9,4,5,4,5,4,4,9,5,4,4,4,4,만족
189,2021,1,3,4,1,7,1,3,1,1,1,3,3,Y,4,4,1,0,54750,1,54750,0,16,경상남도,0,Y,N,N,Y,N,1,5,11,5,5,4,4,9,4,4,9,9,4,4,4,5,4,매우만족
190,2021,2,5,4,2,7,1,3,1,1,1,5,4,Y,4,5,1,0,25000,1,25000,0,2,부산광역시,0,N,Y,N,N,N,1,13,0,3,3,4,4,4,4,4,4,3,3,3,3,4,4,만족
191,2021,2,3,4,2,7,1,3,1,2,1,3,4,Y,4,6,2,0,231500,1,231500,0,2,부산광역시,0,N,Y,N,N,Y,5,5,7,9,9,5,9,5,5,5,5,9,5,5,5,5,5,매우만족
192,2021,1,3,4,1,7,1,8,1,1,1,3,4,Y,4,10,3,0,115002,3,38334,0,16,경상남도,0,N,Y,N,N,Y,1,5,14,5,9,5,5,9,5,5,5,9,5,5,5,5,5,매우만족
193,2021,2,5,4,2,7,1,5,1,1,1,3,4,Y,4,1,4,0,134500,1,134500,0,2,부산광역시,0,N,Y,N,N,Y,5,5,7,9,9,5,5,5,5,5,9,9,5,5,5,5,5,매우만족
194,2021,2,3,4,1,7,1,3,1,1,1,3,3,Y,4,2,4,2,610000,2,305000,0,17,제주특별자치도,0,Y,Y,Y,Y,N,3,1,2,5,5,4,5,9,4,4,5,9,4,4,4,4,4,만족
195,2021,1,5,3,2,7,1,7,1,1,1,5,3,Y,4,6,2,0,140000,1,140000,0,15,경상북도,0,Y,N,N,N,Y,1,1,2,3,4,4,4,4,5,4,3,4,4,3,4,3,4,만족
196,2021,1,4,4,2,7,1,3,1,1,1,6,3,Y,4,10,3,0,75000,2,37500,0,2,부산광역시,0,N,Y,N,N,N,1,9,11,4,9,4,4,9,4,3,4,9,9,4,4,4,3,만족
197,2021,1,5,4,2,7,1,3,1,1,1,7,4,Y,4,12,4,0,120000,2,60000,0,2,부산광역시,0,N,N,N,N,N,1,1,13,4,3,4,4,3,4,4,4,3,4,4,4,4,4,만족
198,2021,1,4,4,2,7,1,3,1,1,1,7,4,Y,4,12,4,0,80000,2,40000,0,2,부산광역시,0,N,N,N,N,Y,1,2,1,4,4,4,4,3,4,3,4,5,3,4,4,4,4,만족
199,2021,1,5,3,4,7,3,7,3,2,1,3,2,Y,4,6,2,0,63000,1,63000,0,15,경상북도,0,Y,N,N,Y,Y,1,2,1,5,5,4,4,9,4,4,4,9,4,4,4,4,4,만족
200,2021,1,4,4,2,7,1,3,1,1,1,5,3,Y,4,9,3,0,297003,3,99001,0,14,전라남도,0,N,Y,N,Y,Y,1,10,13,4,4,4,5,4,5,5,5,5,5,5,4,4,4,만족
201,2021,1,3,4,1,7,1,3,1,1,1,4,3,Y,4,2,4,1,330000,1,330000,0,1,서울특별시,2,N,Y,N,N,N,2,13,0,4,9,4,4,4,4,4,9,9,4,4,4,4,4,만족
202,2021,1,3,4,1,7,1,3,1,1,1,3,3,Y,4,4,1,0,50000,1,50000,0,16,경상남도,0,N,Y,N,N,N,1,5,2,9,9,5,5,9,9,5,5,9,5,5,5,4,4,매우만족
203,2021,1,5,4,2,7,1,3,1,1,1,6,3,Y,4,5,1,0,100000,1,100000,0,6,대전광역시,0,N,Y,N,Y,Y,1,14,11,9,3,4,4,9,4,3,4,4,3,4,4,4,4,만족
204,2021,1,3,4,2,7,1,3,1,1,1,5,3,Y,4,9,3,0,101000,2,50500,0,2,부산광역시,0,N,Y,N,N,N,1,15,0,9,9,3,4,3,4,4,4,4,4,4,4,4,4,만족
205,2021,1,3,4,1,7,1,3,1,2,1,3,2,Y,4,11,3,0,100000,2,50000,0,2,부산광역시,0,N,Y,N,N,Y,1,13,4,9,9,3,4,3,4,4,4,4,4,4,4,4,4,만족
206,2021,1,4,4,2,7,1,3,1,1,1,5,3,Y,4,6,2,0,351000,1,351000,0,2,부산광역시,0,N,Y,N,N,Y,1,1,4,9,9,5,4,5,5,5,5,9,4,4,5,4,4,매우만족
207,2021,1,3,4,2,7,1,3,1,1,1,4,2,Y,4,1,4,1,285000,1,285000,0,4,인천광역시,2,Y,N,N,N,Y,1,1,5,4,9,4,5,9,4,4,4,9,3,4,4,4,4,만족
208,2021,1,4,4,1,7,1,3,1,1,1,5,3,Y,4,7,2,1,200000,2,100000,0,2,부산광역시,9,Y,N,N,N,N,1,6,5,5,4,4,4,5,4,5,4,4,5,5,4,4,4,만족
209,2021,1,4,4,2,7,1,3,1,1,1,4,3,Y,4,3,1,0,50700,1,50700,0,2,부산광역시,0,N,Y,N,N,Y,1,5,9,4,9,4,5,9,9,4,4,9,4,3,4,4,3,만족
210,2021,1,4,4,2,7,1,3,1,1,1,4,3,Y,4,4,1,1,205000,1,205000,0,2,부산광역시,1,Y,Y,N,N,Y,1,5,2,4,4,4,5,9,4,4,4,9,4,4,4,4,4,만족
211,2021,1,5,4,2,7,1,3,1,1,1,5,4,Y,4,5,1,1,170000,1,170000,0,1,서울특별시,1,Y,Y,N,N,N,2,5,0,4,9,3,4,9,4,4,4,9,3,3,4,4,3,만족
212,2021,1,3,4,1,7,1,3,1,1,1,4,3,Y,4,7,2,1,317000,2,158500,0,15,경상북도,9,Y,N,N,N,N,1,9,5,5,9,4,5,4,5,5,4,5,5,4,4,5,4,매우만족
213,2021,1,4,4,2,7,1,7,1,1,1,4,3,Y,4,7,2,0,75000,2,37500,0,15,경상북도,0,Y,N,N,N,N,1,1,5,5,9,4,5,9,5,4,5,9,4,5,4,5,4,매우만족
214,2021,1,4,4,2,7,1,3,1,1,1,4,3,Y,4,8,2,0,30000,1,30000,0,2,부산광역시,0,N,N,N,N,Y,1,11,0,3,3,3,4,9,3,4,4,9,3,3,3,4,3,만족
215,2021,1,3,4,1,7,1,3,1,1,1,4,4,Y,4,1,4,0,101000,2,50500,0,16,경상남도,0,N,Y,N,Y,N,1,5,2,4,4,4,4,9,4,4,4,9,4,5,4,4,4,만족
216,2021,1,4,4,2,7,1,3,1,1,1,4,4,Y,4,12,4,0,27000,1,27000,0,16,경상남도,0,N,N,N,N,Y,1,11,0,3,3,4,4,9,3,4,4,9,4,4,3,3,3,보통
217,2021,1,3,4,1,7,1,5,1,1,1,3,3,Y,4,3,1,0,105000,4,26250,0,2,부산광역시,0,Y,N,N,Y,Y,1,9,4,5,4,5,5,5,4,5,5,5,5,5,4,4,4,만족
218,2021,1,5,4,2,7,1,3,1,1,1,7,4,Y,4,4,1,0,110000,1,110000,0,3,대구광역시,0,N,Y,N,N,Y,1,9,4,4,4,4,4,9,9,4,4,9,4,4,4,4,4,만족
219,2021,2,4,4,2,7,1,3,1,2,1,4,4,Y,4,12,4,0,100000,2,50000,0,2,부산광역시,0,Y,Y,N,Y,Y,1,8,2,4,9,3,3,9,4,4,4,4,3,3,4,4,4,만족
220,2021,1,3,4,1,7,1,3,1,1,1,3,2,Y,4,2,4,0,70500,1,70500,0,16,경상남도,0,N,Y,N,N,N,1,4,9,4,9,4,5,4,4,4,4,9,4,4,4,3,3,만족
221,2021,1,4,4,2,7,1,4,1,2,1,3,2,Y,4,3,1,0,101000,4,25250,0,3,대구광역시,0,N,N,N,N,Y,1,11,5,5,4,5,5,4,5,5,5,5,4,5,4,4,4,만족
222,2021,1,3,4,1,7,1,3,1,1,1,4,3,Y,4,7,2,0,50000,2,25000,0,16,경상남도,0,N,N,N,N,N,1,4,11,5,4,4,5,4,4,4,5,4,4,4,4,4,4,만족
223,2021,1,5,4,2,7,1,7,1,1,1,6,3,Y,4,11,3,0,60000,1,60000,0,2,부산광역시,0,N,N,N,N,Y,1,13,0,3,3,4,4,4,3,3,4,3,3,3,3,3,4,만족
224,2021,1,3,4,2,7,1,3,1,2,1,3,3,Y,4,11,3,0,15000,1,15000,0,16,경상남도,0,N,N,N,N,N,1,15,0,3,3,4,3,9,9,4,4,9,4,4,3,4,3,만족
225,2021,1,4,4,2,8,1,8,1,2,1,4,3,Y,4,4,1,0,44500,1,44500,0,12,충청남도,0,Y,N,N,Y,N,1,5,3,4,5,4,5,4,4,5,3,3,4,4,4,4,4,만족
226,2021,1,4,4,2,8,1,3,1,1,1,5,3,N,5,7,2,0,70000,1,70000,0,13,전라북도,0,Y,Y,N,N,N,1,14,6,5,9,4,4,9,4,4,4,9,4,4,5,4,4,매우만족
227,2021,1,3,4,2,8,1,3,1,1,1,3,2,Y,4,7,2,0,50000,1,50000,0,12,충청남도,0,Y,Y,N,Y,N,1,5,4,4,9,4,3,9,4,4,4,9,3,3,5,5,4,매우만족
228,2021,1,5,3,2,8,3,7,3,2,1,6,4,Y,4,4,1,0,50000,1,50000,0,12,충청남도,0,N,Y,N,N,N,1,15,0,5,9,5,4,9,9,9,9,9,9,9,4,4,4,만족
229,2021,1,2,4,1,8,1,3,1,1,1,4,3,Y,4,5,1,0,70000,1,70000,0,4,인천광역시,0,Y,Y,N,N,N,1,4,5,4,4,4,5,9,4,4,4,9,4,4,4,4,4,만족
230,2021,1,4,4,2,8,1,3,1,1,1,4,3,N,5,7,2,0,50000,1,50000,0,11,충청북도,0,Y,Y,N,N,N,1,6,5,4,9,4,3,9,4,4,4,9,3,3,5,5,4,매우만족
231,2021,1,5,4,2,8,1,3,1,1,1,3,3,Y,4,10,3,0,198000,2,99000,0,9,경기도,0,Y,Y,N,N,N,1,7,0,4,9,5,3,4,4,5,4,9,4,4,4,4,4,만족
232,2021,1,5,4,2,8,2,1,2,2,1,7,4,N,1,6,2,0,195000,1,195000,0,6,대전광역시,0,Y,Y,Y,N,N,1,14,3,4,3,5,4,4,5,4,4,4,5,4,5,4,4,매우만족
233,2021,1,3,4,2,8,1,4,1,2,1,4,2,Y,4,4,1,0,39500,1,39500,0,11,충청북도,0,Y,Y,N,N,N,1,1,4,4,5,4,5,3,4,5,4,5,3,3,4,4,4,만족
234,2021,1,4,4,2,8,1,3,1,1,1,4,3,N,1,1,4,0,175000,4,43750,0,12,충청남도,0,Y,Y,N,Y,N,1,1,13,4,5,4,4,9,4,4,4,9,4,4,4,4,4,만족
235,2021,1,3,4,1,8,1,2,1,1,1,4,4,Y,4,5,1,0,250000,1,250000,0,1,서울특별시,0,N,Y,N,N,N,2,7,5,9,9,3,3,5,9,9,9,9,3,3,4,3,3,만족
236,2021,1,3,4,2,8,1,3,1,1,1,4,2,Y,1,8,2,1,574998,3,191666,0,12,충청남도,3,Y,Y,N,N,N,1,14,6,4,9,4,3,9,4,4,4,9,4,4,5,4,4,매우만족
237,2021,1,3,4,2,8,1,2,1,1,1,5,3,N,2,5,1,1,166668,1,166668,1,10,강원도,4,Y,Y,Y,Y,N,1,4,5,4,9,5,5,5,5,5,5,9,5,5,4,4,4,만족
238,2021,1,4,4,2,8,1,3,1,1,1,5,4,Y,4,4,1,0,67500,1,67500,0,12,충청남도,0,Y,N,N,N,Y,1,14,1,4,9,5,4,9,4,4,3,5,2,3,4,4,4,만족
239,2021,2,5,4,2,8,3,2,3,1,1,4,4,Y,4,6,2,0,60000,2,30000,0,6,대전광역시,0,N,Y,N,N,N,1,7,8,4,4,5,4,5,4,4,5,4,4,5,4,4,3,만족
240,2021,1,3,4,2,9,1,3,1,1,1,5,4,Y,4,1,4,1,420000,2,210000,0,15,경상북도,2,Y,Y,N,N,N,1,15,0,4,9,4,4,9,9,4,4,9,3,4,4,4,4,만족
241,2021,1,3,4,2,9,2,4,2,2,1,5,4,Y,4,11,3,1,300000,1,300000,0,2,부산광역시,1,Y,Y,N,N,N,1,15,0,4,9,4,4,9,4,4,4,9,2,3,4,4,4,만족
242,2021,1,3,4,1,9,1,3,1,1,1,3,3,Y,4,2,4,0,150000,1,150000,0,2,부산광역시,0,N,Y,N,Y,N,1,5,0,9,9,3,4,9,9,4,4,9,3,4,4,4,4,만족
243,2021,1,5,4,1,9,3,4,3,2,1,4,3,Y,4,12,4,2,600000,1,600000,0,17,제주특별자치도,1,Y,Y,N,Y,Y,3,6,13,4,4,4,4,4,4,4,4,4,2,3,4,4,4,만족
244,2021,1,5,4,1,9,2,7,2,2,1,4,3,Y,4,4,1,0,70000,1,70000,0,4,인천광역시,0,Y,Y,N,N,N,1,3,9,4,3,4,3,9,4,4,5,4,4,5,4,4,4,만족
245,2021,1,5,4,2,9,3,5,3,2,1,7,4,Y,4,3,1,0,30000,1,30000,0,9,경기도,0,Y,Y,N,N,N,1,11,4,5,9,5,4,5,9,5,4,5,9,5,4,4,4,만족
246,2021,1,2,4,1,9,1,4,1,1,1,3,4,Y,1,11,3,1,500000,5,100000,0,9,경기도,6,Y,N,N,N,N,1,4,3,4,4,4,4,9,4,4,4,9,4,4,4,4,4,만족
247,2021,1,3,4,1,9,1,3,1,1,1,3,3,Y,4,12,4,0,30000,1,30000,0,1,서울특별시,0,Y,N,N,N,N,1,4,3,5,4,5,5,4,5,5,4,4,5,5,5,4,4,매우만족
248,2021,1,5,3,2,9,3,7,3,2,1,4,3,Y,4,12,4,0,20000,2,10000,0,1,서울특별시,0,Y,N,N,N,N,1,3,4,5,5,9,5,4,5,4,5,5,5,4,5,5,5,매우만족
249,2021,1,5,4,2,9,1,3,1,1,1,7,4,Y,1,4,1,0,39250,1,39250,0,9,경기도,0,Y,Y,N,Y,N,1,8,5,4,5,4,4,9,4,4,5,4,4,5,4,4,4,만족
250,2021,1,4,4,2,9,1,3,1,1,1,4,3,N,1,4,1,0,38666,1,38666,0,9,경기도,0,Y,Y,N,N,N,1,4,1,4,9,5,3,9,5,5,4,5,5,5,4,4,3,만족
251,2021,1,3,4,2,9,1,3,1,1,1,5,4,Y,4,6,2,0,30000,1,30000,0,4,인천광역시,0,Y,Y,Y,N,N,1,11,5,5,5,4,4,4,5,5,5,4,5,5,4,4,4,만족
252,2021,1,3,4,2,9,1,3,1,1,1,5,3,Y,2,5,1,0,25000,1,25000,0,9,경기도,0,Y,N,N,N,N,1,15,0,9,9,4,4,9,9,9,9,9,4,4,4,4,2,만족
253,2021,1,5,4,2,9,1,7,1,1,1,6,3,Y,4,9,3,1,196000,1,196000,0,15,경상북도,2,Y,Y,N,N,Y,1,2,15,5,4,4,4,4,4,3,4,9,4,4,4,4,4,만족
254,2021,1,4,3,2,9,2,4,2,1,1,4,2,N,1,7,2,0,100002,3,33334,0,12,충청남도,0,Y,Y,N,Y,N,1,5,2,5,4,2,5,9,4,4,4,9,2,4,4,3,4,만족
255,2021,1,5,3,2,9,1,3,1,1,1,4,2,N,2,7,2,0,100002,3,33334,0,9,경기도,0,Y,N,N,N,N,1,1,2,5,9,5,9,9,5,4,5,5,4,4,4,4,4,만족
256,2021,1,3,4,1,9,1,4,1,1,1,4,3,Y,1,4,1,0,50000,1,50000,0,12,충청남도,0,N,Y,N,Y,N,1,5,3,4,3,3,4,3,3,3,4,9,3,4,3,3,4,만족
257,2021,2,2,4,1,9,1,4,1,1,1,2,3,N,1,3,1,0,149004,3,49668,0,9,경기도,0,Y,N,N,N,N,6,2,1,5,4,5,5,4,5,5,5,4,5,5,4,4,4,만족
258,2021,1,4,4,2,9,1,3,1,1,1,4,3,N,2,3,1,0,183332,4,45833,0,12,충청남도,0,Y,Y,N,N,N,1,2,12,5,4,5,5,5,4,5,5,9,4,5,4,4,4,만족
259,2021,2,2,4,1,9,1,4,1,1,1,3,3,Y,4,4,1,1,98846,1,98846,0,9,경기도,0,Y,N,Y,Y,Y,1,6,2,4,3,5,5,9,4,4,3,4,4,4,4,3,4,만족
260,2021,1,4,4,2,9,1,3,1,1,1,5,3,N,1,4,1,3,360000,1,360000,1,17,제주특별자치도,3,Y,Y,Y,Y,N,3,6,1,5,5,4,4,3,4,4,4,4,3,3,4,4,4,만족
261,2021,2,5,3,2,9,2,4,2,1,1,3,4,Y,4,4,1,0,67000,1,67000,0,1,서울특별시,0,N,Y,N,N,Y,1,15,0,9,9,5,4,4,4,4,9,9,4,4,4,4,4,만족
262,2021,1,3,4,1,9,1,7,1,1,1,4,3,N,1,5,1,1,75000,1,75000,0,10,강원도,6,Y,N,N,N,N,1,3,4,5,9,3,4,9,4,3,3,4,3,4,4,4,4,만족
263,2021,1,4,4,2,9,1,5,1,1,1,3,2,N,2,5,1,2,75000,1,75000,1,12,충청남도,12,Y,Y,N,Y,N,1,5,6,4,5,4,5,9,4,4,4,9,4,4,4,4,5,매우만족
264,2021,2,2,4,1,9,1,3,1,1,1,2,3,N,1,6,2,1,212000,1,212000,0,1,서울특별시,0,Y,Y,N,Y,N,1,8,2,3,3,3,5,4,4,4,4,9,3,4,4,4,4,만족
265,2021,1,2,4,1,9,1,3,1,1,1,3,4,N,5,9,3,0,30000,1,30000,0,1,서울특별시,0,N,Y,N,Y,N,5,2,14,9,9,4,4,5,4,4,4,4,4,4,4,4,4,만족
266,2021,1,5,4,2,9,1,3,1,1,1,4,3,N,5,12,4,0,100000,2,50000,0,6,대전광역시,0,N,Y,N,Y,N,1,5,1,4,9,2,5,9,4,4,4,9,4,3,4,4,5,매우만족
267,2021,2,4,4,2,9,1,3,1,1,1,3,3,N,5,9,3,0,50000,1,50000,0,1,서울특별시,0,Y,N,N,N,N,1,5,15,5,4,5,4,4,5,5,4,5,4,5,4,4,4,만족
268,2021,1,6,3,2,9,3,7,3,2,1,6,4,N,5,9,3,0,30000,1,30000,0,12,충청남도,0,Y,N,Y,N,N,1,1,5,5,4,4,9,9,4,4,4,4,4,4,5,5,4,매우만족
269,2021,2,2,4,1,9,1,3,1,1,1,2,4,N,5,9,3,0,30000,1,30000,0,6,대전광역시,0,Y,N,N,N,N,3,2,5,5,5,4,4,5,4,5,5,4,5,4,4,4,4,만족
270,2021,1,4,4,2,9,1,7,1,2,1,4,3,N,1,10,3,0,150000,4,37500,0,9,경기도,0,Y,Y,Y,N,N,1,2,1,5,4,3,5,9,4,4,3,4,3,4,4,4,4,만족
271,2021,1,2,3,1,9,1,4,1,1,1,3,4,N,1,11,3,0,200000,4,50000,0,9,경기도,0,Y,Y,N,N,N,1,1,2,5,4,5,4,4,5,4,4,4,5,4,4,4,4,만족
272,2021,1,3,4,1,9,1,3,1,1,1,4,3,N,5,12,4,0,50000,1,50000,0,1,서울특별시,0,Y,N,N,N,N,1,6,1,5,5,4,4,5,5,5,4,5,5,4,4,4,4,만족
273,2021,1,5,2,1,9,1,4,1,2,2,2,1,Y,4,3,1,0,300000,3,100000,0,2,부산광역시,0,N,N,N,N,Y,11,15,0,4,9,4,4,9,9,4,9,9,9,9,3,4,3,만족
274,2021,1,5,3,2,9,1,7,1,1,1,4,2,N,5,10,3,0,30000,4,7500,0,12,충청남도,0,N,N,Y,N,N,1,5,0,4,9,3,3,9,3,3,3,9,9,3,4,4,4,만족
275,2021,2,3,4,2,9,1,3,1,1,1,4,4,Y,1,2,4,0,156000,2,78000,0,1,서울특별시,0,N,Y,N,N,N,1,4,7,3,4,4,3,5,4,3,4,9,4,4,4,4,4,만족
276,2021,1,4,4,2,9,1,3,1,1,1,3,3,N,5,3,1,0,50000,2,25000,0,10,강원도,0,Y,Y,N,N,N,1,1,4,5,9,4,5,9,4,4,4,9,4,4,5,4,4,매우만족
277,2021,1,3,4,4,9,1,3,1,1,1,4,3,Y,3,2,4,2,60000,2,30000,0,6,대전광역시,12,Y,Y,N,N,N,1,12,1,5,9,4,5,9,4,4,4,9,5,4,4,4,5,매우만족
278,2021,1,3,4,2,9,1,3,1,1,1,4,3,Y,4,9,3,1,430002,3,143334,0,2,부산광역시,1,Y,Y,N,N,N,2,14,1,5,9,4,5,9,3,4,3,9,4,4,3,4,4,만족
279,2021,1,5,3,2,9,2,8,2,2,1,5,3,N,1,4,1,0,50000,1,50000,0,4,인천광역시,0,Y,N,N,N,N,1,2,4,4,4,5,4,5,4,3,4,9,4,4,4,4,4,만족
280,2021,2,2,4,1,9,1,3,1,1,1,4,3,N,1,10,3,0,150000,4,37500,0,9,경기도,0,Y,N,Y,N,N,1,15,2,5,5,4,5,9,4,4,5,9,5,5,4,4,4,만족
281,2021,1,4,4,2,9,1,3,1,1,1,4,4,Y,4,11,3,2,990000,2,495000,0,2,부산광역시,1,Y,N,N,N,Y,2,1,0,5,9,4,4,9,4,4,5,9,4,4,5,4,4,매우만족
282,2021,1,4,4,2,9,1,3,1,1,1,4,2,N,5,12,4,0,50000,2,25000,0,8,세종특별자치시,0,Y,N,N,N,N,1,4,2,4,9,9,4,9,4,4,5,9,4,4,4,4,4,만족
283,2021,1,4,4,2,9,1,3,1,1,1,5,4,Y,4,6,2,3,495000,1,495000,0,6,대전광역시,7,Y,N,N,N,Y,6,13,2,5,9,4,4,9,5,5,4,9,4,4,4,4,5,매우만족
284,2021,1,4,4,2,9,1,3,1,1,1,4,4,Y,4,11,3,2,698000,1,698000,0,17,제주특별자치도,1,Y,Y,N,N,N,3,2,5,5,4,4,4,9,4,4,5,9,4,4,4,4,4,만족
285,2021,1,5,4,2,9,1,3,1,2,1,4,3,Y,4,5,1,1,150000,1,150000,0,10,강원도,2,Y,Y,N,N,N,1,13,8,4,5,9,5,4,5,9,5,5,4,5,5,4,4,매우만족
286,2021,1,4,3,1,9,1,3,1,2,1,5,3,Y,4,7,2,1,90000,2,45000,0,6,대전광역시,2,Y,Y,N,N,N,1,8,2,4,3,4,4,4,4,3,4,4,3,4,4,4,3,만족
287,2021,1,3,4,1,9,1,3,1,1,1,3,4,Y,4,12,4,0,50000,1,50000,0,9,경기도,0,Y,Y,N,N,Y,1,3,4,5,4,5,5,4,5,4,4,4,5,4,5,5,4,매우만족
288,2021,2,2,4,1,9,1,5,1,2,1,1,4,Y,4,10,3,0,50000,2,25000,0,1,서울특별시,0,Y,N,N,N,Y,6,3,4,5,9,5,5,4,5,5,4,4,5,4,5,5,4,매우만족
289,2021,1,4,3,4,9,1,7,1,2,2,3,2,Y,4,1,4,0,97000,2,48500,0,9,경기도,0,Y,Y,N,N,N,1,1,8,5,9,5,4,9,4,4,4,9,3,4,5,4,4,매우만족
290,2021,1,4,4,2,9,1,2,1,1,1,5,3,N,1,2,4,1,300000,3,100000,0,10,강원도,3,Y,N,N,N,N,1,15,4,4,9,5,4,9,9,4,4,9,3,5,4,4,3,만족
291,2021,1,3,4,2,9,1,3,1,1,1,4,3,Y,4,5,1,0,209000,1,209000,0,12,충청남도,0,Y,N,N,N,N,1,1,2,5,4,5,4,5,5,5,5,4,4,4,4,4,4,만족
292,2021,1,4,4,1,9,1,7,1,1,1,4,3,Y,4,6,2,1,84000,1,84000,0,11,충청북도,3,Y,Y,N,N,Y,1,15,0,4,9,4,3,9,9,4,3,9,3,4,4,2,3,보통
293,2021,1,3,4,1,9,1,2,1,1,1,5,3,Y,4,7,2,0,49500,1,49500,0,12,충청남도,0,Y,Y,N,N,N,1,15,0,5,9,5,5,9,9,9,4,9,3,4,5,5,5,매우만족
294,2021,1,3,4,1,9,1,3,1,1,1,4,3,N,1,10,3,0,100000,2,50000,0,9,경기도,0,Y,Y,N,N,N,1,4,1,4,9,4,4,9,9,3,4,9,3,3,4,4,4,만족
295,2021,1,4,3,2,9,1,3,1,1,1,4,4,N,5,12,4,4,300000,1,300000,0,15,경상북도,2,N,Y,Y,N,N,1,4,12,4,9,4,4,9,9,5,4,5,3,3,5,4,4,매우만족
296,2021,1,4,4,2,9,1,3,1,1,1,5,3,Y,4,4,1,0,95000,1,95000,0,9,경기도,0,N,Y,N,N,Y,1,9,2,9,9,5,4,9,9,4,9,9,4,4,4,4,4,만족
297,2021,1,3,4,1,9,1,3,1,2,2,4,3,Y,4,5,1,0,30000,1,30000,0,9,경기도,0,N,N,N,N,N,5,9,0,3,3,3,4,9,4,4,4,9,4,4,3,3,3,보통
298,2021,2,3,4,2,9,1,3,1,1,1,3,3,Y,4,6,2,0,21666,1,21666,0,9,경기도,0,Y,N,N,N,N,1,4,0,4,4,4,4,9,4,4,4,4,9,4,4,4,4,만족
299,2021,1,4,4,2,9,1,3,1,1,1,6,3,Y,4,4,1,0,20000,1,20000,0,4,인천광역시,0,N,N,N,N,N,1,4,0,4,4,5,5,4,4,9,9,9,9,5,4,3,3,만족
300,2021,1,4,4,2,9,1,3,1,2,1,4,3,N,5,3,1,0,50000,2,25000,0,4,인천광역시,0,Y,N,N,N,N,1,4,13,5,5,4,4,4,3,4,4,9,4,3,4,3,3,만족
301,2021,1,6,3,2,9,3,8,3,2,1,3,3,Y,4,4,1,0,57500,1,57500,0,12,충청남도,0,N,N,N,N,Y,1,15,0,9,9,5,4,5,9,5,4,9,5,5,4,4,4,만족
302,2021,1,3,4,2,9,1,3,1,1,1,3,2,Y,4,6,2,0,30500,1,30500,0,1,서울특별시,0,N,N,N,N,Y,1,15,0,9,9,4,4,9,9,4,5,9,4,3,4,3,3,만족
303,2021,1,4,3,1,9,1,4,1,1,1,3,2,N,5,5,1,0,30000,1,30000,0,4,인천광역시,0,Y,Y,N,N,N,1,11,3,4,4,5,4,5,5,5,4,4,5,4,4,4,4,만족
304,2021,1,3,4,2,9,1,3,1,1,1,4,2,Y,4,7,2,0,195000,1,195000,0,14,전라남도,0,N,N,N,N,N,1,11,0,4,9,4,4,9,9,9,9,9,3,9,4,4,4,만족
305,2021,2,2,4,1,9,1,3,1,1,1,3,3,Y,4,11,3,1,590001,3,196667,0,3,대구광역시,0,Y,Y,N,Y,N,2,14,3,5,5,4,5,5,4,5,5,9,4,4,4,4,4,만족
306,2021,2,4,3,2,9,3,5,3,2,1,3,3,Y,4,4,1,1,102666,1,102666,0,11,충청북도,12,Y,N,N,N,N,1,5,15,4,9,5,4,9,5,4,5,9,4,5,4,4,4,만족
307,2021,1,3,4,1,9,1,7,1,1,1,5,3,Y,4,5,1,0,50000,1,50000,0,9,경기도,0,N,N,N,N,N,1,13,0,2,3,3,3,9,9,9,4,3,4,3,3,4,2,보통
308,2021,2,5,3,2,9,1,4,1,2,1,3,4,Y,4,8,2,0,197001,3,65667,0,12,충청남도,0,N,N,N,N,N,1,5,4,5,4,4,4,3,4,5,4,4,4,4,4,4,4,만족
309,2021,2,3,4,2,9,1,3,1,1,1,3,3,Y,4,9,3,0,150000,3,50000,0,10,강원도,0,Y,Y,N,N,N,1,2,4,4,9,4,4,5,4,4,3,4,4,5,4,4,3,만족
310,2021,2,5,4,2,9,3,5,3,2,1,4,4,Y,4,2,4,2,175000,4,43750,0,16,경상남도,12,Y,N,N,N,N,1,11,4,5,9,4,5,5,9,3,4,4,4,5,4,3,3,만족
311,2021,1,5,3,2,9,3,5,3,1,1,5,3,Y,4,12,4,1,265000,1,265000,0,14,전라남도,2,Y,Y,N,Y,N,1,15,0,4,4,3,4,4,3,4,4,4,4,4,4,4,4,만족
312,2021,1,4,4,2,9,1,5,1,1,1,5,4,Y,4,3,1,0,105000,1,105000,0,10,강원도,0,Y,Y,N,N,N,1,8,5,5,5,4,4,3,4,5,5,5,4,4,4,4,4,만족
313,2021,1,2,4,1,9,1,3,1,1,2,3,2,Y,4,3,1,2,209000,1,209000,0,15,경상북도,1,Y,N,N,Y,Y,2,13,2,5,4,4,4,3,4,5,4,4,3,4,4,4,4,만족
314,2021,1,5,4,2,9,1,7,1,1,1,5,4,Y,4,3,1,1,343500,1,343500,0,2,부산광역시,2,Y,Y,N,N,N,2,5,11,4,4,4,4,3,4,4,4,4,3,4,5,4,4,매우만족
315,2021,1,4,4,2,9,1,7,1,1,1,5,3,Y,4,6,2,1,319000,1,319000,0,15,경상북도,1,Y,N,N,Y,Y,1,5,15,4,5,4,3,4,4,5,4,4,4,3,4,4,4,만족
316,2021,1,4,4,2,9,1,3,1,1,1,4,3,Y,4,4,1,1,250000,1,250000,0,6,대전광역시,7,Y,Y,N,N,Y,1,13,5,5,4,3,5,4,4,5,4,3,4,4,4,3,4,만족
317,2021,1,7,4,2,9,2,2,2,1,1,6,3,Y,4,9,3,1,500000,2,250000,0,11,충청북도,1,Y,Y,N,N,N,1,15,1,5,4,4,5,4,9,4,5,9,3,4,5,4,4,매우만족
318,2021,1,4,4,2,9,1,2,1,1,1,7,4,N,5,10,3,0,35000,1,35000,0,12,충청남도,0,Y,Y,N,N,N,1,1,2,5,4,4,5,9,9,4,5,9,3,4,5,5,5,매우만족
319,2021,1,4,4,2,9,1,3,1,1,1,5,4,N,1,12,4,1,300000,1,300000,0,14,전라남도,1,Y,Y,N,N,N,1,1,5,5,4,4,5,9,9,4,3,9,3,4,4,4,4,만족
320,2021,1,3,4,1,9,1,3,1,1,1,4,3,N,1,6,2,0,99999,3,33333,0,9,경기도,0,Y,Y,N,N,N,1,2,8,4,4,3,4,4,4,3,4,9,4,4,4,4,4,만족
321,2021,2,5,3,2,9,1,5,1,2,1,3,3,Y,4,7,2,0,120000,2,60000,0,9,경기도,0,Y,Y,N,N,N,1,2,9,4,4,3,4,4,3,4,4,9,4,4,4,4,4,만족
322,2021,1,4,4,2,9,1,3,1,1,1,4,2,N,1,3,1,0,195000,3,65000,0,9,경기도,0,Y,Y,N,N,N,1,9,4,4,3,3,4,3,3,4,3,9,3,4,4,4,4,만족
323,2021,1,5,4,2,9,2,5,2,2,1,7,4,N,1,3,1,0,385002,3,128334,0,10,강원도,0,N,Y,Y,N,N,1,1,11,4,9,4,4,9,4,3,4,9,4,4,4,4,4,만족
324,2021,1,5,3,2,9,1,3,1,1,1,5,3,Y,4,5,1,0,40000,1,40000,0,9,경기도,0,N,Y,N,N,Y,9,4,9,4,5,4,4,9,4,9,4,9,3,4,4,4,4,만족
325,2021,1,4,4,2,9,1,3,1,1,1,5,4,Y,4,11,3,0,120000,3,40000,0,9,경기도,0,Y,Y,N,N,N,1,2,8,4,4,3,4,4,4,3,4,9,4,3,4,4,4,만족
326,2021,1,2,4,1,9,1,3,1,1,1,3,4,N,1,10,3,1,1000000,2,500000,0,10,강원도,1,Y,Y,Y,N,N,1,1,14,4,4,4,4,9,4,4,4,9,3,3,4,4,4,만족
327,2021,1,2,4,2,9,3,5,3,2,1,6,3,Y,4,2,4,0,30000,1,30000,0,10,강원도,0,N,Y,N,N,N,1,5,0,4,3,3,4,9,9,4,4,9,4,3,3,4,4,만족
328,2021,1,4,3,1,10,1,7,1,1,1,4,3,Y,4,4,1,9,388889,1,388889,0,10,강원도,2,N,N,N,N,Y,1,15,0,9,9,3,4,9,9,3,3,9,2,3,2,2,2,불만족
329,2021,2,5,4,2,10,1,5,1,1,1,5,4,Y,4,1,4,1,500001,3,166667,0,10,강원도,3,Y,Y,N,N,N,1,3,8,4,9,4,4,9,9,9,9,9,9,9,4,4,4,만족
330,2021,2,5,4,1,10,1,2,1,2,1,1,1,Y,4,4,1,0,245000,1,245000,0,1,서울특별시,0,N,Y,N,N,N,2,7,0,3,3,4,4,4,3,4,3,9,3,3,4,4,4,만족
331,2021,1,2,4,1,10,1,2,1,1,2,2,2,N,5,12,4,0,80000,2,40000,0,10,강원도,0,Y,Y,N,N,N,8,2,0,5,9,4,4,9,3,3,3,9,3,3,5,5,4,매우만족
332,2021,1,4,4,2,10,1,4,1,2,1,4,2,Y,4,8,2,0,120000,1,120000,0,1,서울특별시,0,N,N,N,N,N,1,15,0,9,9,3,4,9,9,4,9,9,9,9,4,4,3,만족
333,2021,2,4,4,2,10,1,3,1,1,1,1,5,N,1,3,1,1,329000,2,164500,1,10,강원도,0,Y,Y,N,Y,N,1,2,6,4,4,4,4,4,4,4,4,4,4,4,4,5,5,매우만족
334,2021,2,3,4,4,10,3,4,3,2,1,4,3,Y,4,9,3,1,160000,1,160000,0,7,울산광역시,12,Y,N,N,Y,N,1,1,11,5,5,4,4,9,9,4,4,4,4,4,4,4,4,만족
335,2021,1,3,4,2,10,1,4,1,1,1,4,2,N,1,6,2,1,125833,1,125833,0,10,강원도,6,Y,N,N,N,N,1,4,14,5,9,5,9,9,9,3,3,9,4,4,4,4,4,만족
336,2021,1,6,4,2,10,3,5,3,2,1,5,3,Y,4,8,2,0,99999,3,33333,0,9,경기도,0,N,Y,N,N,N,1,8,15,5,9,4,4,9,9,9,9,9,4,4,4,4,4,만족
337,2021,1,6,3,2,10,3,5,3,2,1,4,3,Y,4,1,4,0,100000,1,100000,0,10,강원도,0,Y,Y,N,N,N,1,7,0,4,9,4,4,4,9,4,9,9,4,4,3,3,3,보통
338,2021,1,3,4,2,10,1,5,1,1,1,4,2,Y,4,6,2,0,40000,1,40000,0,10,강원도,0,Y,N,N,N,Y,1,13,0,5,9,5,4,9,9,5,9,9,4,4,3,4,3,만족
339,2021,1,4,4,2,10,1,4,1,1,1,3,2,Y,4,4,1,0,80000,1,80000,0,10,강원도,0,Y,N,N,N,N,1,1,0,5,5,5,5,9,9,5,5,9,5,5,3,4,4,만족
340,2021,1,2,4,1,10,1,9,1,2,1,3,2,Y,4,6,2,0,30000,1,30000,0,10,강원도,0,Y,N,N,N,N,1,15,0,5,9,5,5,9,9,5,9,9,5,5,3,4,4,만족
341,2021,1,5,3,2,10,1,5,1,1,1,3,2,Y,4,6,2,0,70000,1,70000,0,10,강원도,0,Y,N,N,N,N,1,15,0,5,9,5,5,9,9,5,9,9,5,5,3,4,3,만족
342,2021,1,6,3,2,10,3,5,3,2,1,3,2,Y,4,11,3,0,30000,1,30000,0,10,강원도,0,Y,N,N,N,Y,1,13,0,4,9,4,4,9,9,4,9,9,9,4,3,4,3,만족
343,2021,2,3,4,2,10,1,4,1,1,1,4,4,Y,4,1,4,0,60000,1,60000,0,10,강원도,0,N,Y,N,N,Y,1,1,4,9,9,4,4,9,9,9,9,9,9,4,3,2,3,보통
344,2021,1,6,3,2,10,1,9,1,1,1,2,2,Y,4,6,2,1,90000,1,90000,0,1,서울특별시,12,N,N,N,N,Y,6,15,0,4,9,4,4,9,9,9,9,9,9,9,4,4,4,만족
345,2021,1,2,4,1,10,1,4,1,2,2,3,2,Y,4,2,4,0,35000,1,35000,0,10,강원도,0,Y,N,N,N,Y,10,5,15,4,4,4,4,9,4,4,4,9,3,3,3,3,3,보통
346,2021,2,5,2,2,10,3,6,3,2,1,3,3,Y,4,5,1,0,49000,1,49000,0,10,강원도,0,Y,N,N,N,N,1,13,5,4,3,4,4,9,3,4,3,9,3,3,3,3,3,보통
347,2021,1,7,1,2,10,3,4,3,2,2,2,1,Y,4,9,3,0,92500,1,92500,0,10,강원도,0,N,N,N,N,Y,1,4,9,9,9,3,3,9,9,9,9,9,9,9,2,3,3,보통
348,2021,1,5,3,2,10,1,4,1,2,1,4,3,N,2,4,1,0,47500,1,47500,1,9,경기도,0,Y,N,N,N,N,1,5,14,5,5,4,4,9,4,4,4,9,3,3,4,4,3,만족
349,2021,1,6,3,4,10,3,6,3,2,1,3,2,Y,4,10,3,0,200000,1,200000,0,11,충청북도,0,N,Y,N,N,N,1,7,8,3,9,4,4,4,3,4,4,9,3,4,4,4,4,만족
350,2021,2,6,1,2,10,4,6,4,2,1,2,3,Y,4,3,1,0,102000,1,102000,0,11,충청북도,0,Y,Y,N,N,N,6,5,7,5,4,4,4,4,4,4,3,9,3,4,3,4,3,만족
351,2021,1,6,2,2,10,3,5,3,2,1,2,3,Y,4,1,4,0,233000,1,233000,0,10,강원도,0,Y,Y,N,N,N,1,5,1,4,4,4,4,4,4,4,4,9,4,4,3,3,3,보통
352,2021,2,5,2,2,10,4,6,4,2,1,1,2,Y,4,9,3,0,101000,2,50500,0,10,강원도,0,N,Y,N,N,Y,1,4,3,9,9,4,4,9,9,9,5,9,9,9,3,3,3,보통
353,2021,1,4,3,4,10,1,8,1,1,1,3,2,Y,4,9,3,0,60000,1,60000,0,9,경기도,0,N,Y,N,N,Y,1,1,8,9,9,3,3,9,9,9,9,9,9,9,3,3,3,보통
354,2021,1,6,3,2,10,3,8,3,2,1,4,3,Y,4,2,4,0,200000,2,100000,0,10,강원도,0,Y,Y,N,N,N,1,5,7,5,4,3,4,4,4,4,3,9,3,3,4,3,3,만족
355,2021,1,7,2,2,10,3,4,3,2,1,3,2,N,2,12,4,1,182000,2,91000,0,10,강원도,12,Y,Y,Y,N,N,1,14,9,5,9,5,5,9,9,5,5,9,4,4,4,4,4,만족
356,2021,1,5,4,2,10,3,5,3,1,1,4,4,Y,4,3,1,0,465000,2,232500,0,10,강원도,0,Y,Y,N,N,Y,1,7,8,4,9,4,4,4,9,9,9,9,9,9,4,4,4,만족
357,2021,1,6,3,2,10,3,4,3,2,1,4,4,Y,4,3,1,0,380000,4,95000,0,11,충청북도,0,Y,Y,N,N,Y,1,8,4,4,9,4,3,9,9,4,9,5,4,4,4,3,4,만족
358,2021,1,2,3,1,10,1,4,1,1,1,3,3,Y,4,5,1,0,50000,1,50000,0,10,강원도,0,N,Y,Y,N,N,1,7,15,3,9,4,9,4,9,4,4,9,4,4,4,4,4,만족
359,2021,2,4,4,4,10,3,4,3,2,1,3,2,Y,4,9,3,0,300003,3,100001,0,10,강원도,0,N,Y,N,N,N,1,8,7,4,9,4,4,4,4,4,9,9,9,9,4,4,4,만족
360,2021,1,6,3,2,10,3,4,3,2,1,3,2,Y,4,12,4,0,300000,2,150000,0,7,울산광역시,0,N,Y,N,N,Y,1,3,9,4,9,3,4,9,4,4,4,9,3,2,4,3,3,만족
361,2021,1,5,4,2,10,3,5,3,2,1,7,5,Y,4,2,4,1,345000,1,345000,0,10,강원도,1,Y,Y,N,N,N,1,15,0,4,9,4,2,2,2,2,3,9,2,2,4,3,1,보통
362,2021,2,4,4,2,10,1,4,1,1,1,3,4,N,5,4,1,0,20000,1,20000,0,10,강원도,0,Y,Y,N,N,N,1,8,0,2,9,4,5,9,9,9,3,9,3,3,4,4,4,만족
363,2021,1,4,4,2,11,1,3,1,1,1,3,2,Y,4,3,1,0,206000,2,103000,0,1,서울특별시,0,N,Y,N,N,Y,1,5,3,2,2,1,4,4,4,3,3,4,4,2,4,3,3,만족
364,2021,1,3,4,2,11,1,10,1,1,1,3,2,Y,4,3,1,0,232000,4,58000,0,11,충청북도,0,N,Y,N,Y,Y,1,3,12,4,3,5,5,9,4,4,4,4,4,4,4,4,4,만족
365,2021,1,5,4,2,11,1,8,1,1,1,5,3,Y,4,11,3,0,60000,1,60000,0,11,충청북도,0,Y,Y,N,N,Y,1,4,8,4,3,4,4,4,3,4,4,3,4,4,3,2,2,불만족
366,2021,1,4,4,2,11,1,3,1,1,1,4,3,Y,4,11,3,0,70000,1,70000,0,9,경기도,0,N,Y,N,N,N,1,5,2,3,9,4,4,3,3,4,4,3,2,4,3,4,3,만족
367,2021,1,4,4,2,11,1,3,1,1,1,4,3,Y,4,12,4,0,50000,1,50000,0,11,충청북도,0,N,N,N,N,Y,1,15,0,3,3,5,4,9,4,5,4,4,5,4,4,3,3,만족
368,2021,1,4,4,2,11,1,3,1,1,1,4,3,Y,4,3,1,0,150000,2,75000,0,11,충청북도,0,Y,Y,N,N,Y,1,2,13,4,9,4,5,3,4,4,5,5,3,4,4,4,4,만족
369,2021,1,3,4,1,11,3,6,3,2,1,2,3,Y,4,6,2,0,75000,1,75000,0,11,충청북도,0,Y,Y,N,Y,Y,1,9,5,3,3,4,4,3,9,3,4,9,4,4,3,3,3,보통
370,2021,1,6,2,4,11,3,8,3,1,1,3,2,Y,4,6,2,0,30000,1,30000,0,11,충청북도,0,N,Y,N,N,Y,1,4,3,3,4,3,3,4,4,3,3,9,3,4,3,3,4,만족
371,2021,1,5,3,4,11,3,8,3,2,1,4,4,Y,4,6,2,0,40000,1,40000,0,10,강원도,0,N,Y,N,N,N,1,15,0,4,3,4,2,9,9,3,4,9,3,3,3,3,4,만족
372,2021,1,3,4,1,11,1,3,1,1,1,4,3,Y,4,10,3,1,250000,2,125000,0,12,충청남도,2,Y,N,N,N,N,1,3,14,4,4,5,5,4,5,4,4,5,4,5,4,4,4,만족
373,2021,1,3,4,2,11,1,3,1,1,1,3,2,N,3,2,4,1,100000,2,50000,0,11,충청북도,12,Y,Y,N,N,N,1,2,3,4,5,4,4,5,4,3,4,5,4,5,4,4,4,만족
374,2021,2,3,4,2,11,1,3,1,1,1,4,4,Y,4,8,2,0,199998,3,66666,0,12,충청남도,0,Y,Y,Y,N,N,1,12,1,5,9,5,5,9,5,5,5,9,5,5,4,4,4,만족
375,2021,2,3,4,1,11,1,3,1,1,1,3,4,Y,4,11,3,0,145000,1,145000,0,6,대전광역시,0,Y,Y,N,N,Y,1,5,7,4,4,5,4,4,4,4,5,9,4,4,4,4,4,만족
376,2021,1,5,4,2,11,1,2,1,2,1,5,3,Y,4,2,4,0,300000,3,100000,0,7,울산광역시,0,Y,Y,N,N,Y,2,5,2,5,2,3,4,9,9,4,4,3,3,4,5,5,5,매우만족
377,2021,1,3,4,1,11,1,3,1,1,1,3,2,Y,4,3,1,0,40000,1,40000,0,6,대전광역시,0,Y,Y,N,Y,N,1,2,1,5,4,3,4,3,3,3,4,9,3,3,4,4,4,만족
378,2021,2,5,3,2,11,3,4,3,2,1,3,3,Y,4,9,3,0,80000,2,40000,0,9,경기도,0,Y,Y,N,N,N,1,4,5,4,9,4,9,4,9,9,9,9,4,4,4,3,3,만족
379,2021,2,5,3,2,11,1,3,1,1,1,3,3,Y,4,8,2,0,237000,4,59250,0,12,충청남도,0,Y,Y,Y,N,N,1,4,2,5,9,4,5,4,5,5,5,4,4,4,5,4,4,매우만족
380,2021,2,7,1,2,11,4,6,4,2,1,1,1,Y,4,4,1,0,192500,1,192500,0,6,대전광역시,0,N,Y,N,N,Y,1,15,8,3,9,3,4,9,3,4,4,9,3,3,3,3,3,보통
381,2021,1,4,3,2,11,1,7,1,1,1,4,3,Y,4,10,3,0,45000,1,45000,0,6,대전광역시,0,N,N,N,N,Y,1,13,0,3,9,3,4,9,4,4,4,9,3,3,4,3,3,만족
382,2021,1,3,3,1,11,1,2,1,1,1,3,2,Y,5,1,4,0,120000,2,60000,0,11,충청북도,0,Y,Y,N,N,N,1,3,14,3,2,5,3,3,9,4,4,3,4,3,3,3,3,보통
383,2021,1,5,4,2,11,1,2,1,1,1,5,4,Y,4,11,3,0,40000,1,40000,0,9,경기도,0,N,Y,N,N,Y,1,3,0,4,9,4,4,9,9,4,5,4,5,4,4,3,3,만족
384,2021,1,5,4,2,11,1,3,1,1,1,5,3,Y,4,7,2,0,60000,1,60000,0,11,충청북도,0,N,Y,N,N,Y,1,4,5,5,4,2,3,9,9,4,3,9,2,3,4,3,3,만족
385,2021,1,4,4,2,11,1,3,1,1,1,4,2,Y,4,10,3,0,50000,1,50000,0,13,전라북도,0,Y,Y,N,N,N,1,15,0,5,9,4,4,9,4,4,4,9,3,4,4,4,4,만족
386,2021,1,6,3,1,11,4,6,4,2,1,1,2,Y,4,10,3,0,50000,1,50000,0,11,충청북도,0,Y,Y,N,N,N,1,1,3,3,9,3,3,2,3,4,3,9,4,5,3,3,3,보통
387,2021,2,3,4,1,11,1,3,1,1,1,3,3,Y,4,1,4,0,100000,2,50000,0,11,충청북도,0,N,Y,N,Y,N,1,7,8,3,3,4,4,5,3,4,4,4,2,4,4,4,4,만족
388,2021,1,3,4,2,11,1,3,1,1,1,4,3,Y,4,6,2,1,200000,2,100000,0,6,대전광역시,7,Y,Y,N,N,N,1,6,1,5,4,4,5,4,4,5,4,9,4,5,4,4,4,만족
389,2021,2,3,4,2,11,1,3,1,1,1,3,3,Y,4,10,3,0,260000,4,65000,0,11,충청북도,0,N,Y,N,N,Y,1,14,5,2,9,3,4,5,9,4,3,5,4,4,3,4,3,만족
390,2021,1,6,4,3,11,3,2,3,1,1,3,2,Y,4,10,3,0,80000,2,40000,0,9,경기도,0,Y,Y,N,N,N,1,5,3,3,9,1,3,9,9,4,4,9,4,2,3,3,3,보통
391,2021,1,4,4,2,11,1,3,1,1,1,4,4,Y,4,3,1,0,150000,3,50000,0,11,충청북도,0,Y,Y,N,N,N,1,8,14,5,4,5,5,9,4,4,4,9,4,5,4,4,4,만족
392,2021,2,5,3,2,11,1,4,1,1,1,2,3,N,2,3,1,0,123000,2,61500,0,11,충청북도,0,Y,Y,N,N,N,1,14,1,4,9,4,4,3,4,5,5,9,4,4,4,4,4,만족
393,2021,2,6,3,2,11,1,5,1,1,1,2,3,N,5,3,1,0,80000,2,40000,0,6,대전광역시,0,Y,Y,N,N,N,1,2,1,5,9,4,5,9,4,5,4,9,3,4,4,4,3,만족
394,2021,1,6,3,4,11,1,8,1,2,1,3,2,Y,4,6,2,0,50000,1,50000,0,11,충청북도,0,N,Y,N,N,Y,1,1,3,2,3,4,3,9,9,3,2,3,4,3,2,3,3,보통
395,2021,1,5,4,2,11,1,1,1,1,1,6,3,Y,4,12,4,0,150000,2,75000,0,11,충청북도,0,Y,Y,N,N,Y,1,5,11,5,4,4,5,4,5,4,4,9,4,4,4,4,4,만족
396,2021,1,6,3,2,11,3,7,3,2,1,3,2,Y,4,1,4,0,58000,1,58000,0,11,충청북도,0,Y,Y,N,N,Y,1,9,4,3,2,4,3,9,9,4,4,9,3,4,3,2,2,불만족
397,2021,1,3,4,1,11,3,6,3,2,1,3,2,Y,4,1,4,0,31000,1,31000,0,11,충청북도,0,N,Y,N,N,Y,1,13,8,1,2,4,2,9,9,3,3,9,4,3,2,2,2,불만족
398,2021,1,5,4,2,11,1,3,1,1,1,4,3,N,5,3,1,0,40000,1,40000,0,8,세종특별자치시,0,Y,Y,N,N,N,1,1,5,5,4,4,4,9,4,5,4,9,4,4,5,4,4,매우만족
399,2021,1,4,4,2,11,1,3,1,1,1,4,2,N,5,3,1,0,70000,1,70000,0,1,서울특별시,0,Y,Y,N,N,N,1,5,14,5,9,5,4,9,4,4,4,9,4,4,5,5,5,매우만족
400,2021,1,3,3,1,11,1,7,1,1,1,3,2,Y,4,7,2,0,80000,1,80000,0,11,충청북도,0,Y,Y,N,N,N,1,5,0,4,3,4,3,4,4,4,5,4,4,3,4,3,3,만족
401,2021,1,4,4,2,11,1,3,1,1,1,3,3,Y,1,10,3,0,99999,3,33333,0,12,충청남도,0,Y,Y,N,N,N,1,4,5,4,9,4,4,9,3,3,3,9,4,4,5,4,4,매우만족
402,2021,1,3,4,2,11,1,3,1,1,1,3,2,N,5,10,3,0,50000,1,50000,0,11,충청북도,0,Y,N,Y,N,N,1,5,4,5,9,4,4,9,4,4,4,9,4,4,5,4,4,매우만족
403,2021,1,4,4,2,12,1,3,1,2,1,5,4,Y,4,1,4,0,120000,2,60000,0,1,서울특별시,0,Y,Y,N,N,N,1,8,2,4,9,4,4,5,4,4,4,9,3,4,4,4,4,만족
404,2021,1,3,4,2,12,1,2,1,1,1,3,2,N,5,4,1,0,30000,1,30000,0,11,충청북도,0,Y,Y,Y,N,N,1,9,5,4,3,4,4,4,5,4,5,4,4,4,4,4,4,만족
405,2021,1,5,3,2,12,1,8,1,1,1,4,3,N,1,8,2,1,400000,4,100000,1,11,충청북도,3,Y,Y,N,Y,Y,1,3,5,5,5,5,4,9,4,4,4,5,4,4,5,5,4,매우만족
406,2021,1,3,4,2,12,1,4,1,1,1,4,2,Y,4,8,2,0,80000,2,40000,0,12,충청남도,0,Y,Y,N,N,N,1,2,11,4,9,4,4,9,4,4,4,9,4,4,4,4,4,만족
407,2021,2,5,3,2,12,1,5,1,1,1,3,4,Y,4,5,1,0,110000,1,110000,0,6,대전광역시,0,N,N,N,N,Y,1,15,0,5,4,4,5,4,5,4,5,9,5,4,4,5,5,매우만족
408,2021,1,3,4,2,12,1,3,1,1,1,3,2,Y,1,7,2,0,105003,3,35001,0,12,충청남도,0,Y,Y,N,N,N,1,14,1,5,4,4,4,9,4,4,4,9,4,4,4,4,4,만족
409,2021,1,4,4,2,12,1,3,1,1,1,4,2,Y,1,3,1,0,955000,4,238750,0,12,충청남도,0,N,Y,Y,N,N,1,8,12,4,4,5,4,4,3,4,5,4,4,4,5,4,4,매우만족
410,2021,1,4,4,2,12,3,5,3,1,1,2,2,Y,4,5,1,0,50000,1,50000,0,8,세종특별자치시,0,N,N,N,N,Y,1,13,0,3,9,3,3,9,3,3,3,9,3,3,4,3,3,만족
411,2021,2,4,4,2,12,1,4,1,1,1,3,3,Y,4,7,2,0,94100,1,94100,0,1,서울특별시,0,N,N,N,N,Y,1,13,0,2,9,2,3,9,4,4,4,9,3,2,3,3,3,보통
412,2021,1,5,4,2,12,1,3,1,1,1,4,2,Y,4,10,3,0,57666,1,57666,0,12,충청남도,0,N,N,N,Y,N,1,4,1,4,5,5,4,4,4,4,5,9,4,4,5,5,5,매우만족
413,2021,1,5,4,2,12,1,3,1,1,1,5,4,Y,4,5,1,0,50000,1,50000,0,12,충청남도,0,N,N,N,N,Y,1,13,0,9,9,4,4,9,4,5,4,4,3,4,4,4,4,만족
414,2021,1,5,4,2,12,2,4,2,2,1,6,4,N,5,7,2,0,60000,2,30000,0,6,대전광역시,0,Y,Y,N,Y,Y,3,2,1,5,5,4,4,4,4,3,4,4,4,4,5,4,4,매우만족
415,2021,1,2,4,1,12,1,3,1,1,1,3,2,Y,4,1,4,2,347001,3,115667,0,16,경상남도,2,Y,N,N,N,N,1,15,0,5,5,4,4,9,4,4,4,9,4,4,4,4,4,만족
416,2021,1,3,4,2,12,3,5,3,2,1,4,2,Y,2,7,2,2,699996,3,233332,1,12,충청남도,4,Y,Y,N,N,N,1,4,12,5,9,4,4,4,4,4,4,9,4,4,4,4,4,만족
417,2021,1,5,3,2,12,1,3,1,1,1,5,3,Y,5,4,1,0,150000,2,75000,0,11,충청북도,0,Y,Y,N,Y,Y,1,11,14,4,5,5,4,4,4,4,3,4,4,5,3,3,3,보통
418,2021,1,3,4,1,12,1,2,1,1,1,2,1,Y,4,4,1,0,51000,1,51000,0,6,대전광역시,0,Y,Y,N,N,Y,1,11,14,3,9,4,3,4,3,4,3,3,2,3,3,3,3,보통
419,2021,1,4,4,1,12,1,2,1,1,1,4,3,Y,4,4,1,0,240000,1,240000,0,1,서울특별시,0,N,Y,N,N,Y,10,5,4,1,2,1,4,5,3,5,4,9,1,1,4,4,4,만족
420,2021,1,2,4,1,12,1,3,1,1,1,3,4,Y,4,2,4,0,112002,3,37334,0,6,대전광역시,0,Y,N,N,Y,N,1,14,1,4,5,4,4,9,5,5,4,9,4,4,4,4,4,만족
421,2021,1,3,3,2,12,3,6,3,2,1,4,3,Y,4,3,1,0,75000,1,75000,0,12,충청남도,0,Y,Y,N,N,N,1,1,0,3,9,4,3,4,3,4,4,9,4,4,3,3,3,보통
422,2021,1,5,3,2,12,1,3,1,1,1,7,4,Y,4,4,1,0,50000,1,50000,0,1,서울특별시,0,N,Y,N,N,Y,1,1,4,4,9,4,4,9,4,4,4,9,3,4,4,4,4,만족
423,2021,2,6,3,2,12,1,4,1,1,1,2,2,Y,4,9,3,0,150000,2,75000,0,12,충청남도,0,N,Y,N,N,N,1,3,14,4,5,4,4,4,9,4,5,9,2,2,5,5,5,매우만족
424,2021,1,3,4,1,12,1,3,1,1,1,4,3,N,5,3,1,0,70000,1,70000,0,8,세종특별자치시,0,Y,Y,Y,N,N,1,6,8,5,5,5,4,9,5,5,5,9,4,4,4,4,4,만족
425,2021,1,4,4,1,12,1,3,1,1,1,4,3,Y,4,9,3,0,120000,2,60000,0,12,충청남도,0,Y,Y,N,N,N,1,4,3,2,3,4,3,9,9,3,4,9,3,3,2,2,2,불만족
426,2021,1,4,4,2,12,1,3,1,1,1,5,3,Y,4,2,4,0,80000,1,80000,0,6,대전광역시,0,N,N,N,N,N,1,9,0,3,9,4,4,9,4,4,3,9,4,3,3,4,3,만족
427,2021,1,2,4,1,12,1,5,1,2,1,3,3,Y,4,7,2,0,50000,1,50000,0,12,충청남도,0,Y,Y,Y,N,N,1,2,11,4,5,4,4,5,4,4,3,4,4,3,4,4,4,만족
428,2021,2,3,4,1,12,1,3,1,1,1,3,2,N,5,10,3,0,30000,1,30000,0,6,대전광역시,0,Y,N,Y,Y,N,1,1,11,4,4,4,3,3,4,3,4,9,3,3,4,4,4,만족
429,2021,1,3,4,2,12,1,3,1,1,1,3,3,N,5,8,2,0,300000,3,100000,0,12,충청남도,0,Y,Y,N,N,N,1,2,4,5,9,5,5,9,4,4,4,9,4,4,4,4,4,만족
430,2021,2,5,3,4,12,1,4,1,2,2,3,2,Y,4,3,1,0,32500,1,32500,0,12,충청남도,0,N,Y,N,N,Y,6,2,4,3,9,4,4,4,4,5,4,9,4,4,4,4,4,만족
431,2021,1,5,4,2,12,1,3,1,1,1,5,4,Y,4,10,3,0,100000,2,50000,0,8,세종특별자치시,0,Y,N,N,N,N,1,5,14,5,9,4,4,9,5,5,5,9,4,4,4,4,4,만족
432,2021,1,2,4,1,12,1,3,1,1,1,3,3,Y,1,4,1,0,123334,1,123334,0,6,대전광역시,0,N,Y,N,N,N,1,2,14,9,9,2,4,4,3,4,3,9,3,2,4,4,4,만족
433,2021,2,5,3,2,12,4,6,4,2,1,1,3,Y,4,1,4,0,255000,1,255000,0,13,전라북도,0,Y,Y,N,N,N,1,7,9,5,9,5,4,5,5,4,5,9,5,4,5,5,5,매우만족
434,2021,1,6,3,2,12,3,4,3,2,1,3,2,Y,4,9,3,0,30000,1,30000,0,6,대전광역시,0,N,Y,N,N,N,1,5,3,2,3,3,4,9,9,4,3,3,4,5,3,3,3,보통
435,2021,1,2,4,1,12,1,5,1,2,1,2,1,Y,4,12,4,0,30000,1,30000,0,12,충청남도,0,N,Y,N,N,Y,1,4,8,9,9,3,4,9,9,3,4,9,3,3,3,3,4,만족
436,2021,1,6,3,2,12,3,6,3,2,1,4,3,Y,4,9,3,0,450000,1,450000,0,12,충청남도,0,N,N,N,N,Y,1,15,0,4,5,9,4,9,4,4,3,9,3,3,4,3,3,만족
437,2021,2,5,3,2,13,1,5,1,2,1,2,3,N,1,1,4,1,421500,2,210750,0,15,경상북도,0,Y,Y,Y,Y,N,1,1,8,5,5,4,5,5,5,5,5,5,5,5,5,5,5,매우만족
438,2021,1,5,4,2,13,1,1,1,1,1,7,4,Y,4,3,1,0,86000,1,86000,0,8,세종특별자치시,0,Y,Y,N,Y,N,1,5,4,4,5,5,4,5,4,4,4,4,5,5,5,4,5,매우만족
439,2021,1,4,3,2,13,3,8,3,1,1,4,3,Y,4,3,1,0,118750,1,118750,0,5,광주광역시,0,Y,Y,N,Y,N,1,2,4,4,5,4,4,4,5,4,4,4,4,4,5,5,4,매우만족
440,2021,1,6,4,2,13,2,2,2,1,1,7,4,Y,4,3,1,0,125250,1,125250,0,9,경기도,0,Y,Y,N,Y,N,1,5,11,5,9,5,4,4,4,4,5,5,4,4,5,5,4,매우만족
441,2021,2,2,4,1,13,1,3,1,1,1,3,4,Y,4,3,1,0,110000,1,110000,0,11,충청북도,0,Y,N,N,Y,N,1,1,14,4,9,5,4,4,9,4,4,4,4,4,5,4,4,매우만족
442,2021,2,3,4,1,13,1,2,1,1,1,4,3,Y,4,6,2,1,192500,1,192500,0,5,광주광역시,9,N,Y,N,Y,Y,1,8,1,9,9,3,5,9,4,4,5,5,4,4,4,4,4,만족
443,2021,1,3,4,2,13,1,3,1,1,1,3,2,Y,1,3,1,0,110001,3,36667,0,13,전라북도,0,N,Y,N,N,N,1,1,12,4,5,4,4,4,4,3,4,4,4,4,4,4,4,만족
444,2021,1,4,4,2,13,3,5,3,2,1,2,2,N,5,3,1,0,30000,1,30000,0,13,전라북도,0,Y,Y,N,Y,N,1,12,14,4,5,4,5,5,5,4,4,5,5,4,4,4,4,만족
445,2021,1,3,4,2,13,1,2,1,1,1,4,3,Y,4,6,2,0,72000,1,72000,0,13,전라북도,0,Y,N,N,Y,N,1,9,3,4,4,4,3,5,9,4,4,4,4,4,4,4,4,만족
446,2021,1,2,4,1,13,1,3,1,2,1,3,2,Y,1,8,2,0,69999,3,23333,0,13,전라북도,0,Y,N,N,N,N,1,8,3,4,9,4,4,5,4,4,4,9,4,4,4,4,4,만족
447,2021,1,4,4,2,13,1,3,1,1,1,4,3,Y,4,6,2,0,95000,1,95000,0,5,광주광역시,0,N,Y,N,Y,Y,1,8,1,9,9,3,4,9,4,5,4,4,4,4,4,4,4,만족
448,2021,1,4,4,2,13,1,3,1,1,1,5,4,Y,4,12,4,0,180000,1,180000,0,14,전라남도,0,Y,Y,N,Y,Y,1,1,2,5,4,4,5,9,5,4,5,9,5,5,5,4,4,매우만족
449,2021,1,3,4,1,13,1,2,1,1,1,3,2,Y,4,8,2,0,272000,2,136000,0,8,세종특별자치시,0,Y,N,N,N,Y,1,9,5,4,9,4,3,4,9,4,5,9,4,4,4,4,4,만족
450,2021,1,6,4,2,13,2,2,2,1,1,5,3,Y,4,3,1,0,126000,1,126000,0,13,전라북도,0,Y,Y,N,Y,N,1,2,3,4,5,5,4,4,4,5,4,4,4,4,5,4,5,매우만족
451,2021,1,4,4,2,14,3,7,3,1,1,3,2,Y,4,12,4,0,240000,2,120000,0,13,전라북도,0,Y,N,N,Y,N,1,5,11,4,5,4,5,9,4,4,4,9,4,4,4,4,4,만족
452,2021,1,3,4,1,14,1,3,1,1,1,3,3,Y,4,1,4,0,347000,1,347000,0,5,광주광역시,0,N,Y,N,Y,N,1,8,1,9,9,4,5,4,4,5,5,9,4,4,5,4,4,매우만족
453,2021,2,3,4,1,14,1,3,1,1,1,4,3,Y,4,1,4,2,550000,1,550000,0,1,서울특별시,1,N,Y,N,Y,Y,2,1,2,9,9,3,4,9,4,5,5,4,4,4,5,4,4,매우만족
454,2021,1,5,4,2,14,1,8,1,1,1,3,2,Y,4,4,1,0,84000,1,84000,0,14,전라남도,0,N,Y,N,N,Y,1,11,5,4,9,4,4,9,9,4,4,9,3,4,4,3,3,만족
455,2021,1,5,4,2,14,1,2,1,1,1,5,3,Y,4,4,1,0,106500,1,106500,0,13,전라북도,0,N,Y,N,Y,N,1,11,5,4,4,4,4,5,9,4,5,4,5,5,4,4,4,만족
456,2021,1,5,4,2,14,1,2,1,1,1,7,5,Y,4,6,2,0,100000,1,100000,0,6,대전광역시,0,N,N,N,N,Y,1,15,0,5,9,4,4,9,9,4,4,9,3,4,4,4,4,만족
457,2021,1,2,4,1,14,1,3,1,1,1,3,2,N,5,5,1,0,20000,2,10000,0,5,광주광역시,0,Y,Y,N,N,N,1,9,14,4,4,4,5,5,4,4,5,4,4,4,4,4,4,만족
458,2021,1,4,4,2,14,1,3,1,1,1,3,2,Y,4,1,4,0,160000,1,160000,0,13,전라북도,0,N,Y,N,Y,N,1,2,1,5,5,4,5,9,5,4,5,9,5,5,4,4,4,만족
459,2021,2,4,4,1,14,1,3,1,1,1,4,3,Y,4,1,4,0,70000,1,70000,0,14,전라남도,0,N,N,N,N,Y,1,2,1,5,4,5,5,9,5,4,5,5,5,4,4,4,4,만족
460,2021,1,6,3,2,14,1,5,1,1,1,4,3,Y,4,1,4,0,150003,3,50001,0,14,전라남도,0,Y,N,N,N,N,1,11,0,4,5,5,4,3,3,4,5,4,4,4,4,3,4,만족
461,2021,1,6,4,2,14,1,8,1,1,1,4,3,Y,2,1,4,0,170000,4,42500,0,14,전라남도,0,Y,N,N,N,Y,1,9,5,3,4,3,3,9,3,3,4,9,4,3,3,3,3,보통
462,2021,1,3,4,1,14,1,3,1,1,1,4,3,Y,4,1,4,0,106667,1,106667,0,5,광주광역시,0,Y,Y,N,Y,Y,1,1,2,5,5,5,4,5,4,5,5,9,5,4,5,5,4,매우만족
463,2021,1,3,4,1,14,1,3,1,1,1,3,2,Y,4,4,1,1,94850,1,94850,0,5,광주광역시,1,Y,Y,Y,N,N,1,9,5,4,9,5,5,9,4,5,4,4,5,4,4,4,4,만족
464,2021,1,3,4,1,14,1,3,1,1,1,4,3,Y,4,4,1,0,154000,1,154000,0,5,광주광역시,0,Y,Y,N,N,Y,1,2,8,4,9,5,4,5,4,4,4,4,5,4,5,5,4,매우만족
465,2021,2,4,4,2,15,3,5,3,2,1,3,3,Y,4,7,2,0,100000,1,100000,0,3,대구광역시,0,N,Y,N,N,N,1,13,8,4,9,5,4,9,4,4,4,9,4,4,4,4,4,만족
466,2021,1,2,4,1,15,3,4,3,2,1,3,2,Y,4,6,2,0,100000,1,100000,0,2,부산광역시,0,Y,N,N,N,N,1,15,4,4,9,4,3,9,4,4,4,9,2,4,3,3,3,보통
467,2021,2,4,4,2,15,1,3,1,1,1,4,3,Y,4,4,1,0,40000,1,40000,0,15,경상북도,0,Y,N,N,N,N,1,2,15,4,4,5,4,9,4,4,4,9,4,5,4,4,4,만족
468,2021,1,7,1,2,15,3,5,3,2,1,2,1,Y,4,8,2,0,52000,1,52000,0,7,울산광역시,0,Y,N,N,N,N,6,15,1,4,9,4,4,9,3,4,4,9,3,4,4,4,4,만족
469,2021,1,4,4,1,15,1,5,1,2,1,3,3,Y,4,7,2,0,51700,1,51700,0,3,대구광역시,0,N,N,N,Y,Y,1,1,4,9,9,3,5,3,4,4,3,9,3,2,3,3,3,보통
470,2021,1,2,4,1,15,3,4,3,2,1,4,3,Y,4,1,4,0,295000,1,295000,0,7,울산광역시,0,N,Y,N,Y,N,1,1,5,9,9,4,5,9,3,4,5,9,4,4,4,5,4,매우만족
471,2021,1,3,4,2,15,1,8,1,1,1,5,3,Y,4,5,1,0,150000,1,150000,0,15,경상북도,0,N,Y,N,N,N,1,7,1,3,9,4,9,4,4,9,5,9,3,2,4,5,3,만족
472,2021,2,5,3,2,15,3,4,3,2,1,3,3,Y,4,8,2,2,150003,3,50001,0,14,전라남도,12,Y,N,N,Y,N,1,5,14,5,4,5,4,9,4,4,4,9,4,5,4,4,4,만족
473,2021,1,5,3,2,15,3,4,3,2,1,4,3,Y,4,10,3,0,171000,1,171000,0,1,서울특별시,0,N,N,N,Y,N,2,15,4,9,9,4,3,4,3,4,3,9,3,4,4,3,3,만족
474,2021,2,3,4,2,15,3,4,3,2,1,2,2,Y,4,12,4,1,500001,3,166667,0,1,서울특별시,9,Y,N,N,N,Y,1,1,15,4,9,5,4,9,4,4,5,9,4,5,4,4,5,매우만족
475,2021,1,6,2,2,15,3,6,3,2,1,2,1,Y,4,2,4,0,59000,2,29500,0,3,대구광역시,0,N,N,N,N,Y,1,14,0,3,9,4,4,9,4,4,4,9,3,4,3,3,3,보통
476,2021,1,5,4,1,15,3,8,3,1,1,3,2,Y,4,1,4,0,50000,1,50000,0,11,충청북도,0,N,Y,N,N,N,1,5,4,3,3,4,4,9,4,4,4,9,4,4,4,3,3,만족
477,2021,1,6,3,2,15,2,5,2,2,1,5,3,Y,4,1,4,0,72000,2,36000,0,15,경상북도,0,N,Y,N,N,N,1,5,3,4,9,5,4,9,4,4,4,9,4,4,4,4,4,만족
478,2021,1,4,4,2,15,1,3,1,1,1,4,3,Y,4,2,4,0,60000,1,60000,0,1,서울특별시,0,N,Y,N,N,N,6,15,0,9,9,4,4,9,9,5,4,9,2,2,4,4,3,만족
479,2021,1,5,4,4,15,1,3,1,2,1,4,3,Y,4,3,1,0,50000,1,50000,0,15,경상북도,0,Y,N,N,N,N,1,4,15,4,9,4,4,9,5,4,5,9,4,4,4,4,4,만족
480,2021,1,5,4,2,15,3,5,3,2,1,4,3,Y,4,3,1,0,60800,1,60800,0,15,경상북도,0,Y,Y,N,N,N,1,15,0,4,9,3,3,9,9,4,3,9,3,3,3,3,3,보통
481,2021,1,1,4,1,15,1,4,1,2,1,1,2,Y,4,2,4,0,64000,1,64000,0,3,대구광역시,0,N,Y,N,Y,N,2,13,15,9,9,4,5,9,9,4,4,9,3,3,4,4,4,만족
482,2021,1,5,3,2,15,3,4,3,2,1,4,2,Y,4,4,1,0,20000,1,20000,0,11,충청북도,0,N,Y,N,N,N,1,8,0,5,9,4,4,9,4,5,4,9,4,4,4,4,4,만족
483,2021,2,6,4,3,15,3,2,3,2,1,4,3,Y,4,4,1,1,477000,1,477000,0,15,경상북도,3,Y,Y,N,N,N,10,15,0,5,9,4,4,9,5,4,4,9,4,4,5,4,5,매우만족
484,2021,2,6,3,2,15,1,3,1,2,1,2,3,Y,4,4,1,0,62600,1,62600,0,1,서울특별시,0,N,N,N,N,N,5,15,0,9,9,5,4,9,9,5,4,9,4,3,4,5,4,매우만족
485,2021,2,5,3,4,15,3,5,3,1,1,3,2,Y,4,4,1,0,12500,1,12500,0,15,경상북도,0,N,N,N,N,Y,1,13,0,9,9,4,4,9,9,9,4,9,4,3,4,4,4,만족
486,2021,1,6,3,2,15,3,7,3,2,1,4,3,Y,4,3,1,0,40000,1,40000,0,15,경상북도,0,N,N,N,Y,N,1,4,0,4,5,4,4,9,5,4,4,9,3,4,4,4,4,만족
487,2021,1,5,4,2,15,1,3,1,1,1,5,3,Y,4,12,4,1,300000,1,300000,0,1,서울특별시,1,N,Y,N,N,N,6,15,0,9,9,4,4,9,9,4,4,9,3,2,4,5,3,만족
488,2021,1,2,4,1,15,1,3,1,1,1,3,3,Y,4,5,1,1,200000,1,200000,0,17,제주특별자치도,0,Y,Y,N,N,Y,3,4,1,4,4,4,3,4,4,4,4,9,3,3,4,4,4,만족
489,2021,1,2,4,1,15,1,7,1,2,1,2,3,Y,4,1,4,2,163000,1,163000,0,2,부산광역시,12,Y,Y,N,N,Y,6,5,2,4,9,4,4,4,4,4,9,4,4,4,4,4,4,만족
490,2021,1,5,4,4,15,3,7,3,1,1,3,2,Y,4,3,1,0,51000,1,51000,0,16,경상남도,0,Y,Y,N,N,N,1,4,11,4,9,4,4,9,4,4,4,9,4,4,4,4,4,만족
491,2021,2,4,4,2,15,1,2,1,1,1,3,3,Y,4,2,4,0,71000,2,35500,0,3,대구광역시,0,Y,N,N,N,N,1,1,2,4,9,5,4,4,4,4,5,9,3,4,4,4,4,만족
492,2021,2,5,4,2,15,3,5,3,2,1,4,3,Y,4,11,3,0,48500,2,24250,0,3,대구광역시,0,Y,Y,N,N,N,1,5,11,4,4,5,4,4,4,4,4,9,4,3,4,4,4,만족
493,2021,2,2,3,1,15,1,4,1,1,1,2,3,N,1,11,3,0,50000,1,50000,0,15,경상북도,0,Y,Y,N,N,N,1,1,3,4,9,4,3,4,9,3,3,9,3,4,4,4,4,만족
494,2021,1,4,4,2,15,3,5,3,2,1,6,3,N,5,2,4,0,70000,1,70000,0,3,대구광역시,0,Y,Y,N,Y,N,1,2,5,4,4,4,4,3,3,4,4,4,3,4,4,4,4,만족
495,2021,1,4,4,2,15,1,3,1,1,1,4,3,N,1,5,1,0,37500,1,37500,0,15,경상북도,0,Y,Y,N,N,N,1,8,4,5,4,5,5,9,9,4,4,9,4,4,4,4,4,만족
496,2021,2,6,2,2,15,3,4,3,2,1,4,2,Y,4,5,1,0,100000,1,100000,0,3,대구광역시,0,N,Y,N,N,N,6,4,7,4,9,4,9,9,9,4,3,9,4,3,4,4,4,만족
497,2021,2,6,3,2,15,4,5,4,2,1,1,3,N,1,11,3,0,65000,1,65000,0,11,충청북도,0,Y,Y,N,N,N,1,2,4,5,9,4,4,9,9,4,4,9,3,4,4,4,4,만족
498,2021,1,5,3,2,15,3,7,3,2,1,6,3,N,5,10,3,0,30000,1,30000,0,15,경상북도,0,Y,Y,N,N,N,1,4,1,4,9,4,4,9,4,4,4,9,4,4,4,4,4,만족
499,2021,1,4,3,2,15,3,5,3,2,1,4,3,Y,4,1,4,0,100000,1,100000,0,15,경상북도,0,N,Y,N,N,N,1,8,9,4,5,4,4,9,4,4,4,9,4,4,4,4,4,만족
500,2021,1,5,3,3,15,3,7,3,2,1,3,2,Y,4,2,4,0,41000,1,41000,0,3,대구광역시,0,N,Y,N,Y,N,1,3,1,3,3,4,4,9,9,9,4,9,3,4,4,4,4,만족
501,2021,1,5,3,2,15,1,8,1,2,1,3,2,Y,4,5,1,0,51000,1,51000,0,15,경상북도,0,N,Y,N,Y,N,1,1,0,4,4,4,4,9,4,9,4,9,3,4,3,3,4,만족
502,2021,1,6,4,2,15,1,3,1,1,1,5,4,Y,4,1,4,0,75000,1,75000,0,3,대구광역시,0,Y,Y,N,N,N,1,1,4,3,9,4,4,9,9,9,9,9,4,4,4,3,3,만족
503,2021,1,5,4,2,15,3,6,3,2,1,3,3,Y,4,7,2,0,1207000,1,1207000,0,3,대구광역시,0,N,Y,N,N,Y,1,14,7,9,9,4,5,9,9,5,9,9,3,4,4,4,4,만족
504,2021,1,4,3,1,15,3,7,3,2,1,4,3,Y,5,7,2,0,25000,1,25000,0,16,경상남도,0,N,Y,N,N,N,1,8,4,9,9,4,4,3,9,4,4,9,4,4,4,4,4,만족
505,2021,1,6,3,2,15,3,4,3,2,1,3,2,Y,4,8,2,0,91000,2,45500,0,15,경상북도,0,Y,N,N,N,N,1,13,2,4,9,4,3,9,9,5,4,9,3,4,4,4,4,만족
506,2021,1,4,4,2,15,3,6,3,2,1,4,2,Y,4,3,1,0,62000,1,62000,0,11,충청북도,0,N,Y,N,N,N,1,5,8,9,9,3,2,9,9,3,2,9,3,3,2,2,2,불만족
507,2021,1,4,3,2,15,3,6,3,2,1,4,3,Y,4,9,3,0,102000,2,51000,0,3,대구광역시,0,Y,Y,N,N,N,1,1,8,3,9,4,3,9,9,4,3,9,3,3,3,3,3,보통
508,2021,2,5,3,2,15,1,3,1,1,1,3,3,Y,4,2,4,0,40000,1,40000,0,10,강원도,0,Y,Y,N,N,N,1,1,5,4,4,4,4,4,4,3,4,4,4,4,4,4,4,만족
509,2021,1,5,4,2,16,1,3,1,1,1,4,3,N,1,5,1,1,100000,1,100000,0,16,경상남도,0,Y,N,N,N,N,1,5,4,5,5,5,4,9,5,5,5,4,5,5,5,5,4,매우만족
510,2021,1,4,4,2,16,1,3,1,1,1,4,3,Y,4,2,4,1,260000,2,130000,0,2,부산광역시,0,Y,Y,N,N,N,1,2,0,5,5,3,5,9,4,4,5,9,4,3,4,4,4,만족
511,2021,1,5,4,2,16,1,3,1,1,1,4,3,Y,4,3,1,0,181000,4,45250,0,14,전라남도,0,Y,N,N,N,Y,1,4,5,5,5,4,5,5,5,5,5,5,5,4,4,4,4,만족
512,2021,1,5,4,2,16,1,1,1,1,1,6,3,Y,4,6,2,0,51250,1,51250,0,16,경상남도,0,N,N,N,N,N,1,5,4,5,9,5,5,9,5,5,5,9,4,4,4,4,4,만족
513,2021,1,5,4,2,16,1,3,1,1,1,5,4,Y,4,6,2,1,172500,1,172500,0,1,서울특별시,1,Y,Y,N,N,N,2,2,3,4,9,3,5,9,4,4,4,9,3,3,4,3,3,만족
514,2021,1,2,4,1,16,1,3,1,1,1,4,4,Y,4,1,4,0,200000,4,50000,0,16,경상남도,0,N,N,N,Y,N,1,13,0,4,4,5,3,3,4,4,4,3,4,4,4,4,4,만족
515,2021,1,5,4,2,16,1,3,1,1,1,6,3,Y,4,5,1,1,136000,1,136000,0,6,대전광역시,1,N,N,N,N,N,2,15,0,4,4,4,4,3,3,3,4,5,4,3,4,4,4,만족
516,2021,2,3,3,1,16,1,3,1,1,1,4,3,N,1,6,2,1,103333,1,103333,0,16,경상남도,3,Y,Y,N,N,N,4,1,5,4,9,5,5,5,5,4,5,9,5,5,4,4,4,만족
517,2021,1,4,4,2,16,1,3,1,1,1,4,2,N,1,4,1,0,41750,1,41750,0,16,경상남도,0,Y,N,N,N,N,1,3,5,5,9,5,5,9,5,5,5,9,5,5,5,5,5,매우만족
518,2021,1,3,4,2,16,1,3,1,1,1,4,2,Y,4,1,4,0,225003,3,75001,0,16,경상남도,0,Y,N,N,N,N,1,5,14,5,9,5,5,9,5,5,5,9,5,5,5,4,4,매우만족
519,2021,1,3,4,2,16,1,3,1,2,1,4,2,Y,4,6,2,0,70000,1,70000,0,16,경상남도,0,N,N,N,N,Y,1,15,0,9,9,4,4,4,9,4,4,9,3,4,4,4,4,만족
520,2021,1,5,3,2,16,1,7,1,1,1,5,3,Y,4,7,2,0,60000,1,60000,0,16,경상남도,0,Y,N,N,N,N,1,3,0,5,9,5,5,5,5,5,5,9,5,5,4,4,4,만족
521,2021,1,3,4,2,16,1,3,1,1,1,4,2,Y,4,12,4,0,80000,2,40000,0,2,부산광역시,0,N,N,N,N,N,1,15,0,4,9,4,4,4,4,4,4,9,4,4,4,4,4,만족
522,2021,2,3,4,2,16,1,4,1,1,1,5,3,Y,4,12,4,1,300000,4,75000,0,7,울산광역시,2,N,N,N,N,Y,1,14,9,5,5,5,5,4,5,5,5,5,5,5,4,4,4,만족
523,2021,1,4,4,2,16,1,3,1,1,1,3,2,N,1,8,2,0,145998,3,48666,0,16,경상남도,0,Y,Y,N,N,N,1,4,1,4,4,4,4,9,4,4,4,9,3,4,4,4,4,만족
524,2021,1,2,4,1,16,1,5,1,2,1,2,3,N,1,4,1,1,175000,1,175000,0,14,전라남도,3,Y,Y,N,N,N,1,1,2,4,9,4,4,3,4,4,4,9,3,4,4,4,4,만족
525,2021,1,3,4,2,16,1,3,1,1,1,5,3,Y,4,6,2,1,230000,1,230000,0,15,경상북도,2,Y,Y,N,N,Y,1,2,1,5,4,4,4,9,4,4,5,9,2,3,4,4,4,만족
526,2021,1,3,4,2,16,1,3,1,1,1,3,2,N,1,12,4,0,101001,3,33667,0,16,경상남도,0,Y,Y,N,N,N,1,2,1,4,4,4,4,9,4,3,3,9,3,4,4,4,4,만족
527,2021,2,4,4,2,16,1,4,1,2,1,3,4,Y,4,12,4,1,225000,3,75000,0,16,경상남도,3,Y,Y,N,Y,N,1,3,5,4,4,4,5,9,4,4,5,9,4,4,4,4,4,만족
528,2021,1,3,4,1,16,1,7,1,1,1,4,3,N,2,1,4,0,211596,6,35266,0,2,부산광역시,0,Y,Y,N,N,N,1,5,1,5,9,4,5,9,4,4,4,9,4,4,4,4,4,만족
529,2021,1,4,3,2,16,1,8,1,1,1,4,4,Y,4,2,4,0,100002,3,33334,0,16,경상남도,0,N,Y,N,N,N,1,4,5,9,9,5,5,9,5,5,5,9,5,5,4,4,4,만족
530,2021,1,5,4,2,16,1,3,1,1,1,6,3,Y,4,8,2,0,48000,1,48000,0,3,대구광역시,0,N,N,N,N,N,1,15,0,9,9,4,3,9,9,9,9,4,9,9,4,3,3,만족
531,2021,1,3,4,1,16,1,3,1,1,1,4,3,Y,4,10,3,0,50000,1,50000,0,7,울산광역시,0,Y,Y,N,N,N,1,2,0,4,5,4,3,9,4,4,9,9,9,4,4,4,4,만족
532,2021,1,4,4,2,16,1,3,1,1,1,6,4,Y,4,1,4,2,315000,2,157500,0,16,경상남도,2,Y,Y,Y,Y,Y,1,13,0,4,3,4,3,4,4,3,3,3,4,3,3,4,3,만족
533,2021,2,3,4,1,16,1,2,1,1,1,6,4,Y,4,11,3,0,155000,2,77500,0,7,울산광역시,0,N,N,N,N,Y,1,14,13,4,9,4,4,4,4,4,9,9,9,4,4,4,4,만족
534,2021,1,3,4,2,16,1,3,1,1,1,4,2,Y,4,6,2,0,52000,1,52000,0,2,부산광역시,0,N,N,N,N,Y,1,3,8,9,9,3,4,3,4,4,3,4,3,3,4,4,4,만족
535,2021,1,3,4,1,16,1,3,1,1,2,2,3,Y,4,2,4,0,111000,4,27750,0,15,경상북도,0,Y,N,N,N,N,1,2,4,5,4,5,5,5,5,4,5,5,5,5,4,4,4,만족
536,2021,2,4,4,2,16,1,4,1,1,1,4,4,Y,4,2,4,0,115000,4,28750,0,7,울산광역시,0,Y,N,N,N,Y,1,2,9,5,4,5,5,5,4,5,5,5,4,5,4,4,4,만족
537,2021,1,3,4,2,16,1,3,1,1,1,6,3,Y,4,6,2,0,150000,4,37500,0,2,부산광역시,0,N,N,N,N,Y,1,15,0,3,3,2,3,4,3,3,3,3,2,3,4,3,3,만족
538,2021,1,3,4,1,16,1,3,1,2,1,3,3,Y,4,10,3,0,50000,1,50000,0,16,경상남도,0,N,N,N,N,Y,1,15,0,4,9,4,4,9,9,4,4,9,4,4,3,4,4,만족
539,2021,1,3,4,1,16,1,3,1,1,1,3,2,Y,4,5,1,1,175000,1,175000,0,14,전라남도,3,Y,N,N,N,Y,1,5,14,5,9,4,4,9,5,5,9,9,4,4,4,4,4,만족
540,2021,1,4,4,2,16,1,3,1,1,1,5,3,Y,4,7,2,0,70000,2,35000,0,7,울산광역시,0,N,N,Y,N,N,1,15,0,3,3,4,4,3,3,4,4,2,3,3,3,3,3,보통
541,2021,1,4,4,2,16,1,3,1,1,1,4,2,Y,4,8,2,0,195000,2,97500,0,11,충청북도,0,N,N,N,N,Y,1,15,0,9,9,3,4,4,4,3,4,4,3,4,4,4,4,만족
542,2021,1,4,4,2,16,1,3,1,1,1,6,3,Y,4,2,4,1,400000,4,100000,0,2,부산광역시,7,Y,N,Y,Y,N,1,15,12,4,4,3,4,4,4,3,4,2,3,3,4,4,4,만족
543,2021,2,3,4,2,16,1,3,1,1,1,4,4,Y,4,2,4,0,225000,2,112500,0,1,서울특별시,0,N,Y,N,Y,Y,10,11,13,9,9,3,3,4,4,4,4,3,5,3,4,4,4,만족
544,2021,1,4,4,2,16,1,3,1,2,1,5,3,Y,4,3,1,0,159000,2,79500,0,7,울산광역시,0,N,Y,N,N,Y,1,13,10,4,9,4,4,9,4,3,4,4,4,4,4,4,4,만족
545,2021,1,4,4,2,16,1,3,1,1,1,5,3,Y,4,7,2,0,156000,2,78000,0,2,부산광역시,0,N,Y,N,N,Y,1,13,4,4,4,4,4,5,4,5,4,4,4,4,4,4,4,만족
546,2021,1,5,4,2,16,1,7,1,2,1,6,4,Y,4,3,1,0,105000,2,52500,0,7,울산광역시,0,Y,Y,N,N,N,1,8,5,4,5,5,5,9,9,4,4,9,4,4,4,4,4,만족
547,2021,1,4,4,2,16,1,3,1,1,1,5,4,Y,4,12,4,0,70000,1,70000,0,16,경상남도,0,N,N,N,N,N,1,15,0,9,9,4,4,9,9,9,9,9,4,4,4,4,4,만족
548,2021,1,3,4,2,16,1,3,1,1,1,4,2,Y,4,10,3,0,150000,2,75000,0,2,부산광역시,0,N,Y,N,N,Y,1,13,3,9,9,3,4,9,4,4,4,4,3,4,4,4,4,만족
549,2021,1,4,4,2,16,1,7,1,1,1,6,3,Y,4,4,1,0,30000,1,30000,0,16,경상남도,0,Y,N,N,N,N,1,11,0,4,9,4,4,9,9,9,4,9,4,9,4,4,4,만족
550,2021,1,3,4,1,16,1,3,1,2,1,4,3,Y,4,5,1,0,70000,1,70000,0,7,울산광역시,0,N,N,N,N,Y,1,15,0,4,4,4,4,4,4,4,4,9,3,4,4,4,4,만족
551,2021,2,4,4,1,16,1,3,1,1,1,4,3,Y,4,7,2,0,296004,3,98668,0,3,대구광역시,0,N,Y,N,N,Y,1,14,8,9,9,3,5,9,4,4,4,4,4,3,4,4,4,만족
552,2021,1,4,3,2,16,1,4,1,1,1,4,3,Y,4,4,1,0,31999,1,31999,0,16,경상남도,0,Y,N,N,N,N,1,1,5,5,9,5,5,5,5,5,5,5,4,5,4,4,4,만족
553,2021,1,5,4,2,16,1,4,1,1,1,6,4,Y,4,10,3,0,140000,4,35000,0,7,울산광역시,0,Y,N,N,N,Y,1,4,2,5,4,5,5,5,4,5,5,5,4,4,4,4,4,만족
554,2021,1,4,3,2,16,1,7,1,1,1,3,3,Y,4,10,3,0,95000,4,23750,0,16,경상남도,0,N,N,N,N,Y,1,5,4,5,4,5,5,4,5,5,5,5,5,5,4,4,4,만족
555,2021,1,5,4,2,16,3,6,3,2,1,6,4,Y,4,10,3,0,150000,4,37500,0,16,경상남도,0,N,N,N,N,Y,1,13,0,3,3,4,4,3,3,3,3,3,3,3,3,3,3,보통
556,2021,1,4,4,2,16,1,3,1,1,1,5,3,Y,4,10,3,0,100000,1,100000,0,16,경상남도,0,N,N,N,Y,N,1,13,0,4,3,4,3,3,4,3,3,3,3,4,3,3,3,보통
557,2021,1,6,3,2,16,2,7,2,1,1,3,2,Y,1,6,2,1,250000,2,125000,0,16,경상남도,0,Y,N,N,N,N,1,1,4,4,4,5,5,9,5,5,5,9,5,5,4,4,4,만족
558,2021,1,4,4,2,16,1,3,1,1,1,4,2,Y,4,7,2,0,15000,1,15000,0,16,경상남도,0,N,N,N,N,Y,1,13,0,3,3,4,4,9,4,4,4,9,3,3,3,3,3,보통
559,2021,2,2,4,1,16,1,3,1,1,1,2,3,Y,4,7,2,0,100000,2,50000,0,3,대구광역시,0,N,N,N,N,Y,1,13,0,4,3,3,4,4,3,3,3,3,2,3,4,3,3,만족
560,2021,1,3,4,1,16,1,2,1,1,1,4,3,Y,4,2,4,0,70000,2,35000,0,16,경상남도,0,Y,Y,N,N,N,1,5,0,5,9,4,4,9,9,4,4,9,4,4,4,4,4,만족
561,2021,1,5,3,2,16,3,5,3,2,1,3,2,Y,4,3,1,0,79000,2,39500,0,16,경상남도,0,Y,Y,N,N,N,1,3,1,5,9,3,4,9,9,4,9,9,9,9,4,4,3,만족
562,2021,1,3,4,2,16,1,3,1,1,1,4,2,N,1,4,1,0,88333,1,88333,0,16,경상남도,0,Y,N,N,N,N,1,14,9,5,4,5,5,5,5,5,5,5,4,4,4,4,4,만족
563,2021,1,5,4,2,16,1,3,1,1,1,4,3,N,1,3,1,0,235000,4,58750,0,16,경상남도,0,Y,N,N,N,N,1,4,3,5,5,5,5,9,5,5,5,9,4,5,5,5,5,매우만족
564,2021,1,3,3,2,16,1,7,1,1,1,4,3,N,5,3,1,0,35000,1,35000,0,14,전라남도,0,N,Y,Y,N,N,1,1,2,5,9,5,5,5,5,5,5,5,5,5,5,4,4,매우만족
565,2021,2,5,4,2,16,1,4,1,1,1,3,4,Y,4,6,2,0,78000,1,78000,0,16,경상남도,0,Y,N,Y,Y,N,1,11,2,5,4,4,4,4,3,4,3,3,3,4,4,4,4,만족
566,2021,2,5,1,2,16,3,6,3,1,1,3,2,Y,4,6,2,1,97500,1,97500,0,2,부산광역시,12,Y,N,N,N,N,1,2,6,5,5,4,5,5,5,4,5,5,4,5,4,4,4,만족
567,2021,1,4,3,2,16,1,8,1,2,1,3,2,Y,4,1,4,0,115000,4,28750,0,3,대구광역시,0,N,N,N,N,Y,1,4,2,5,5,5,4,5,5,5,5,5,5,5,4,4,4,만족
568,2021,1,5,3,2,16,1,4,1,2,1,3,2,Y,4,6,2,0,38334,1,38334,0,3,대구광역시,0,Y,N,N,N,Y,1,13,4,5,4,5,5,4,5,5,5,4,5,5,4,4,4,만족
569,2021,1,4,4,2,16,1,3,1,1,1,6,4,N,1,2,4,0,167001,3,55667,0,14,전라남도,0,Y,N,Y,Y,N,1,1,2,5,3,3,3,4,3,3,4,2,3,3,4,3,3,만족
570,2021,2,2,4,1,17,1,4,1,2,2,3,2,Y,4,8,2,1,150000,1,150000,0,3,대구광역시,1,N,N,N,N,Y,3,13,0,5,5,5,4,4,4,5,4,5,3,3,4,4,4,만족
571,2021,1,3,4,1,17,1,3,1,1,1,4,4,Y,4,10,3,0,300000,1,300000,0,1,서울특별시,0,N,Y,N,N,Y,5,15,0,3,3,3,4,9,4,4,4,9,9,4,3,3,3,보통
572,2021,1,4,4,2,17,2,5,2,2,1,7,4,Y,4,4,1,7,126500,1,126500,0,16,경상남도,12,N,Y,N,N,N,3,15,0,9,9,4,3,9,9,9,9,9,9,9,3,3,3,보통
573,2021,1,4,4,2,17,3,4,3,2,1,7,4,Y,4,11,3,1,2500000,10,250000,0,2,부산광역시,2,Y,Y,Y,N,Y,3,14,2,5,9,5,5,9,9,1,9,9,4,2,5,4,4,매우만족
