ID,성별,연령,학력,혼인상태,거주지역,직업,주업,직장지위,주5일근무제실시여부,차량보유여부,개인소득,소득분위,관광휴양여부,여행유형,월,계절,여행일수(박),여행총경비,지출비용포함인원수,1인지출비용,개인휴가사용여부,지역코드,시,숙박시설,여행활동1,여행활동2,여행활동3,여행활동4,여행활동5,주요이동교통수단,여행지선택이유_1순위,여행지선택이유_2순위,만족도_자연경관,만족도_문화유산,만족도_교통,만족도_식당및음식,만족도_쇼핑,만족도_관광정보및안내시설,만족도_관광지편의시설,만족도_지역관광종사자의친절성,만족도_체험프로그램,만족도_관광지물가,만족도_관광지혼잡도,전반적만족도,재방문의도,타인추천의도,총만족도
5,1,5,4,2,1,3,3,3,1,1,5,4,Y,4,10,3,0,160000,4,40000,0,9,경기도,0,Y,Y,N,N,N,1,12,14,5,4,4,4,4,5,4,4,4,4,4,4,4,4,만족
6,1,5,4,4,1,3,4,3,2,1,4,3,Y,4,1,4,0,73002,3,24334,0,4,인천광역시,0,Y,Y,N,N,N,1,4,14,4,4,3,3,4,4,4,4,3,4,4,4,4,4,만족
7,1,4,4,2,1,1,3,1,1,1,4,2,Y,4,1,4,0,58000,1,58000,0,10,강원도,0,N,Y,N,N,Y,1,10,4,4,5,4,4,9,4,4,4,4,4,4,4,4,4,만족
8,1,5,4,2,1,1,3,1,1,1,4,4,Y,4,6,2,0,60000,1,60000,0,9,경기도,0,N,N,N,N,Y,1,15,0,9,9,4,4,9,9,9,9,9,9,9,3,3,3,보통
10,2,3,4,1,1,1,3,1,1,1,3,4,N,2,5,1,0,45000,1,45000,0,10,강원도,0,Y,Y,N,N,N,1,4,2,4,4,3,4,3,4,3,3,9,3,4,4,4,4,만족
11,1,3,4,1,1,1,3,1,1,1,4,3,N,5,4,1,0,80001,3,26667,0,9,경기도,0,Y,Y,N,N,N,1,4,2,4,4,3,4,4,3,4,3,9,3,3,4,4,4,만족
14,1,4,4,2,1,1,2,1,1,1,4,3,Y,4,1,4,0,40000,1,40000,0,9,경기도,0,Y,N,N,N,N,1,5,4,4,4,3,4,9,4,4,3,9,4,3,4,4,3,만족
17,2,4,4,2,1,1,2,1,1,1,4,4,Y,4,11,3,5,1000002,6,166667,0,3,대구광역시,0,Y,N,N,Y,N,1,15,0,5,5,4,4,4,5,4,4,9,3,4,5,5,5,매우만족
25,2,2,4,1,1,1,3,1,1,1,3,4,Y,4,6,2,0,150000,3,50000,0,10,강원도,0,Y,N,N,N,N,1,11,5,5,4,4,5,9,5,5,5,9,4,4,4,4,4,만족
26,1,5,4,2,1,2,4,2,2,1,5,3,Y,4,1,4,0,50000,1,50000,0,12,충청남도,0,Y,Y,N,N,Y,1,15,2,5,9,4,4,4,4,4,9,9,4,4,4,4,4,만족
27,1,3,4,1,1,3,4,3,2,1,4,3,Y,1,4,1,2,505834,1,505834,0,17,제주특별자치도,4,Y,Y,Y,N,N,8,2,1,5,4,4,4,4,4,5,4,4,3,4,4,4,4,만족
28,1,4,4,2,1,1,3,1,1,1,5,3,N,1,5,1,0,15000,1,15000,0,9,경기도,0,Y,N,N,N,N,1,1,2,5,9,5,4,9,5,5,4,9,4,4,4,4,4,만족
29,1,3,4,1,1,1,3,1,1,1,4,3,N,1,9,3,0,49998,3,16666,0,9,경기도,0,Y,N,N,N,N,1,2,4,5,5,4,4,9,4,5,4,9,4,4,4,3,3,만족
31,1,5,4,2,1,2,4,2,1,1,5,4,N,1,12,4,0,50000,2,25000,0,13,전라북도,0,Y,N,N,N,N,1,1,2,5,4,4,4,9,5,5,5,9,5,4,4,4,4,만족
32,1,3,4,2,1,1,3,1,1,1,4,3,Y,4,12,4,0,75000,1,75000,0,12,충청남도,0,N,N,N,N,N,1,9,4,9,3,4,4,3,4,4,4,4,3,3,4,3,4,만족
35,1,5,3,2,1,3,6,3,1,1,4,3,Y,4,8,2,0,58000,1,58000,0,12,충청남도,0,N,N,N,N,N,1,3,9,4,3,3,4,4,3,3,4,4,4,3,4,4,4,만족
41,2,4,4,2,1,1,3,1,1,1,4,4,Y,4,4,1,1,159000,1,159000,0,13,전라북도,8,Y,Y,N,Y,N,1,1,8,5,4,4,4,9,5,4,4,9,3,4,5,4,4,매우만족
44,1,4,4,2,1,1,3,1,1,1,5,3,Y,4,8,2,2,725000,4,181250,0,2,부산광역시,1,Y,Y,N,N,N,10,14,3,5,9,4,5,4,5,4,4,9,4,4,5,4,4,매우만족
45,1,4,4,2,1,1,3,1,1,2,3,3,Y,4,9,3,0,50001,3,16667,0,9,경기도,0,Y,Y,N,N,N,6,15,0,4,9,5,4,4,4,4,5,9,3,4,4,4,5,매우만족
46,1,4,4,2,1,1,3,1,1,1,4,2,Y,4,12,4,1,600000,2,300000,0,17,제주특별자치도,1,N,Y,N,N,N,1,2,4,4,5,4,4,5,4,3,5,9,5,5,4,4,4,만족
47,1,4,4,2,1,1,3,1,1,1,4,3,Y,4,1,4,0,177003,3,59001,0,9,경기도,0,Y,Y,N,N,N,1,2,5,5,9,4,5,9,4,4,5,9,3,5,4,4,3,만족
49,1,4,4,2,1,2,1,2,1,1,7,5,N,5,3,1,3,800000,1,800000,0,7,울산광역시,7,Y,Y,Y,N,N,1,5,4,4,9,3,5,9,5,5,5,4,4,3,5,4,4,매우만족
50,1,5,3,2,1,1,3,1,1,1,5,4,N,5,12,4,2,500000,1,500000,0,6,대전광역시,5,N,N,Y,N,N,6,5,1,5,9,4,4,9,4,3,9,5,4,4,4,4,4,만족
51,1,5,3,2,1,1,8,1,2,1,4,3,N,1,1,4,0,90000,2,45000,0,4,인천광역시,0,Y,Y,N,Y,N,1,5,2,4,4,2,3,3,4,4,3,9,2,3,3,3,3,보통
52,1,6,3,2,1,1,4,1,1,1,5,4,N,1,8,2,0,35000,1,35000,0,9,경기도,0,N,N,Y,N,N,1,4,0,5,9,4,9,9,3,3,9,4,9,5,4,4,4,만족
53,1,6,3,2,1,3,8,3,2,1,6,4,N,5,9,3,0,200000,2,100000,0,11,충청북도,0,Y,Y,Y,N,N,1,5,8,5,4,3,5,3,5,4,4,5,3,3,4,4,4,만족
54,1,4,4,2,1,3,5,3,1,1,6,4,Y,4,9,3,0,30000,1,30000,0,4,인천광역시,0,Y,Y,N,Y,N,1,1,5,4,4,2,5,9,4,4,4,9,4,3,4,4,4,만족
55,1,3,4,1,1,1,3,1,1,1,4,4,N,1,10,3,2,420000,2,210000,0,10,강원도,6,Y,Y,Y,Y,N,1,3,8,4,3,3,4,9,4,4,3,4,3,3,4,4,4,만족
56,1,5,4,2,1,2,4,2,1,1,7,5,N,1,10,3,0,950000,4,237500,0,9,경기도,0,N,Y,Y,N,N,1,4,1,4,9,4,3,9,4,4,4,4,3,4,4,4,4,만족
57,2,3,4,1,1,1,3,1,1,1,5,4,N,5,5,1,0,30000,1,30000,0,9,경기도,0,Y,Y,Y,Y,N,6,8,2,5,5,3,4,3,4,4,3,4,3,3,5,4,4,매우만족
58,1,6,3,2,1,3,8,3,2,1,4,3,N,1,5,1,0,30000,1,30000,0,9,경기도,0,Y,N,N,N,N,6,1,3,5,4,4,4,9,4,4,9,4,4,4,4,4,4,만족
59,1,3,4,1,1,1,3,1,1,1,4,4,N,1,5,1,2,200000,1,200000,1,10,강원도,4,Y,Y,N,N,N,1,4,6,5,9,3,4,9,4,5,4,9,3,4,4,4,4,만족
60,1,4,4,2,1,1,2,1,1,1,7,4,N,1,11,3,1,1600000,4,400000,1,10,강원도,4,Y,N,Y,N,N,1,12,6,4,9,4,3,9,4,4,4,4,3,4,4,4,4,만족
61,1,3,4,1,1,1,4,1,1,1,3,3,Y,4,4,1,0,100000,4,25000,0,9,경기도,0,Y,Y,N,Y,N,1,8,3,4,4,3,4,9,3,4,3,9,3,3,4,3,3,만족
62,1,4,4,2,1,1,1,1,1,1,7,5,N,5,4,1,0,50000,2,25000,0,4,인천광역시,0,Y,Y,Y,N,N,3,10,1,5,5,3,5,4,4,4,4,4,3,4,4,4,4,만족
64,1,3,4,1,1,1,3,1,1,1,6,4,N,5,6,2,1,300000,1,300000,0,6,대전광역시,5,Y,Y,Y,Y,N,1,5,6,5,4,4,5,3,4,4,4,5,3,3,5,5,4,매우만족
65,1,4,4,2,1,1,3,1,1,1,4,3,N,5,7,2,0,30000,1,30000,0,9,경기도,0,Y,Y,Y,Y,N,1,5,14,5,5,4,3,3,4,4,4,3,3,4,4,4,4,만족
67,2,3,4,1,1,1,5,1,1,1,3,4,Y,4,3,1,1,435088,2,217544,0,6,대전광역시,2,Y,Y,N,Y,N,1,6,5,3,4,4,5,4,4,4,4,4,5,4,4,4,4,만족
68,1,2,4,1,1,1,3,1,1,1,4,4,Y,4,4,1,1,146667,1,146667,0,16,경상남도,1,Y,Y,N,Y,N,1,4,12,4,4,5,4,4,5,4,4,4,5,4,4,4,4,만족
73,1,2,4,1,2,1,3,1,2,1,3,4,Y,4,3,1,0,278000,2,139000,0,1,서울특별시,0,N,Y,N,Y,Y,5,13,10,9,9,4,3,3,4,4,4,4,3,3,4,4,4,만족
74,1,4,4,2,2,1,3,1,1,1,5,4,Y,4,8,2,1,590000,2,295000,0,4,인천광역시,1,Y,Y,N,N,Y,2,15,2,4,9,3,4,9,4,4,4,9,3,4,4,4,4,만족
78,1,6,4,2,2,1,3,1,1,1,6,3,Y,4,8,2,2,600000,4,150000,0,16,경상남도,2,Y,Y,N,N,Y,1,13,0,4,5,4,4,3,4,4,4,4,4,4,4,4,4,만족
79,1,5,4,2,2,1,3,1,1,1,4,3,Y,4,9,3,0,30000,1,30000,0,16,경상남도,0,N,N,N,N,N,1,11,0,9,9,4,9,9,4,4,4,9,4,4,4,4,3,만족
82,1,3,4,1,2,1,3,1,1,1,3,3,Y,4,12,4,0,48200,1,48200,0,7,울산광역시,0,N,N,N,N,N,1,11,0,3,3,4,4,9,4,4,4,9,4,4,3,4,3,만족
84,1,3,4,1,2,1,3,1,1,1,4,3,Y,4,1,4,0,191000,2,95500,0,6,대전광역시,0,N,Y,N,N,Y,10,13,5,9,9,4,5,9,3,4,4,4,3,4,4,4,4,만족
85,1,4,4,2,2,1,3,1,2,1,5,3,Y,4,1,4,0,298000,2,149000,0,1,서울특별시,0,N,Y,N,Y,Y,2,13,14,9,9,3,4,4,4,4,4,3,4,3,4,4,4,만족
86,2,4,4,1,2,1,3,1,1,1,3,2,Y,4,3,1,0,50000,1,50000,0,3,대구광역시,0,N,N,N,N,Y,1,15,0,9,9,4,4,9,9,9,9,9,4,4,3,4,3,만족
88,1,4,4,2,2,1,3,1,1,1,4,3,Y,4,7,2,0,60000,2,30000,0,16,경상남도,0,N,N,N,N,Y,1,13,0,4,4,4,5,9,4,4,4,9,4,5,3,4,3,만족
90,1,5,4,2,2,1,3,1,2,1,5,3,Y,4,6,2,0,103100,1,103100,0,6,대전광역시,0,N,N,N,N,Y,1,10,11,9,9,3,4,9,3,4,4,4,3,4,4,4,4,만족
91,1,6,4,2,2,2,3,2,2,1,5,3,Y,4,8,2,0,154000,1,154000,0,6,대전광역시,0,N,Y,N,Y,Y,5,2,8,4,9,4,4,4,4,4,4,9,4,4,4,4,4,만족
92,1,3,4,2,2,1,3,1,1,1,3,2,Y,4,1,4,1,425000,2,212500,0,16,경상남도,3,Y,N,N,N,N,1,2,1,5,5,4,5,5,4,4,9,9,3,3,4,4,4,만족
93,2,3,4,1,2,1,4,1,1,1,3,4,Y,4,2,4,0,205500,2,102750,0,3,대구광역시,0,Y,N,N,N,Y,1,9,13,5,9,5,4,9,4,5,9,9,4,4,4,5,4,매우만족
94,1,3,4,1,2,1,3,1,1,1,4,4,N,5,2,4,0,80000,2,40000,0,16,경상남도,0,Y,Y,N,N,N,1,8,12,9,4,4,5,4,4,4,5,9,4,4,5,5,4,매우만족
96,1,4,4,1,2,1,3,1,1,1,5,3,N,5,2,4,0,50000,2,25000,0,7,울산광역시,0,Y,Y,Y,N,N,1,8,1,5,9,4,4,5,4,4,5,9,4,5,4,4,4,만족
98,1,4,4,2,2,1,2,1,1,1,5,3,N,5,12,4,0,100000,1,100000,0,1,서울특별시,0,Y,Y,N,N,N,1,14,1,5,5,4,5,9,4,4,3,4,3,4,4,4,4,만족
99,2,4,4,1,2,1,3,1,1,1,4,4,Y,4,4,1,0,42000,1,42000,0,7,울산광역시,0,Y,N,N,N,N,1,1,11,5,4,5,4,4,4,5,4,9,4,9,4,4,4,만족
101,1,6,4,2,2,1,2,1,1,1,7,5,Y,4,7,2,0,130000,4,32500,0,16,경상남도,0,Y,N,N,N,Y,1,4,9,4,4,5,5,5,4,5,5,5,5,4,4,4,4,만족
104,1,5,4,2,2,1,7,1,1,1,6,3,Y,4,3,1,2,450000,2,225000,0,7,울산광역시,0,Y,N,N,Y,N,1,1,2,4,3,4,3,2,3,3,4,2,3,4,4,4,4,만족
105,1,5,2,4,2,1,1,1,1,1,4,3,Y,4,4,1,2,150000,1,150000,0,7,울산광역시,2,Y,Y,N,N,N,1,15,0,4,3,4,4,4,4,4,3,4,5,4,4,4,4,만족
108,1,6,4,2,2,3,7,3,2,1,4,2,Y,4,9,3,0,100000,2,50000,0,16,경상남도,0,Y,Y,N,N,N,1,8,1,5,4,5,4,9,3,5,5,9,4,4,5,4,4,매우만족
111,1,5,4,2,2,1,3,1,1,1,7,4,Y,4,1,4,0,100000,4,25000,0,7,울산광역시,0,Y,N,N,N,Y,1,5,2,5,5,5,5,4,5,5,5,5,5,5,4,4,4,만족
113,1,3,4,1,2,1,3,1,1,1,4,3,Y,1,8,2,1,300000,2,150000,1,15,경상북도,3,Y,N,N,Y,N,1,2,5,3,4,4,3,3,4,4,3,4,4,4,3,3,3,보통
114,1,4,3,2,2,1,8,1,1,1,4,3,Y,4,9,3,1,500000,1,500000,0,17,제주특별자치도,0,Y,Y,N,N,N,3,8,15,5,9,5,4,9,4,4,4,9,4,4,4,4,4,만족
116,1,5,4,4,2,1,3,1,1,1,5,3,Y,4,2,4,0,65000,1,65000,0,15,경상북도,0,N,Y,N,N,N,1,3,0,4,9,4,5,9,9,4,4,9,4,4,4,4,4,만족
119,1,4,4,2,2,1,7,1,2,1,4,2,Y,4,1,4,0,42500,1,42500,0,16,경상남도,0,N,N,N,N,Y,1,15,0,9,9,4,4,9,9,9,9,9,9,9,4,4,4,만족
121,2,3,4,1,2,1,3,1,1,1,3,4,Y,4,9,3,0,300000,2,150000,0,1,서울특별시,0,N,Y,N,N,Y,2,8,13,9,9,4,4,9,9,4,4,4,3,4,4,4,4,만족
124,2,2,4,1,2,1,3,1,1,1,2,3,Y,4,2,4,0,119000,2,59500,0,3,대구광역시,0,N,N,N,Y,Y,1,13,9,9,9,4,3,4,4,5,4,4,3,4,4,4,4,만족
125,1,4,4,2,2,1,4,1,1,1,6,4,Y,4,4,1,1,147500,1,147500,0,5,광주광역시,2,Y,N,N,N,Y,1,9,5,5,5,4,5,5,5,5,5,4,4,5,4,4,4,만족
127,1,3,4,2,2,1,3,1,1,1,4,2,Y,4,1,4,0,78500,1,78500,0,16,경상남도,0,N,N,N,N,Y,1,15,0,9,9,4,4,9,9,9,9,9,9,9,4,4,4,만족
128,1,3,4,2,2,1,3,1,1,1,3,2,Y,4,10,3,0,65000,1,65000,0,16,경상남도,0,N,N,N,N,Y,1,15,0,9,9,4,4,9,9,9,4,9,3,4,4,4,4,만족
131,1,4,3,1,2,1,7,1,2,1,3,2,Y,4,6,2,0,38000,1,38000,0,7,울산광역시,0,Y,N,N,N,N,1,5,1,4,9,4,4,9,9,4,5,4,9,4,4,4,4,만족
133,1,3,4,1,2,1,7,1,2,1,4,3,Y,4,7,2,0,100000,2,50000,0,16,경상남도,0,N,Y,N,N,Y,1,3,14,9,9,5,5,9,5,5,5,9,9,5,5,4,4,매우만족
135,2,4,4,2,2,1,3,1,1,1,3,2,Y,4,9,3,0,45003,3,15001,0,16,경상남도,0,Y,Y,N,N,N,1,1,5,4,9,4,4,9,4,9,4,5,5,4,4,4,4,만족
136,2,3,4,1,2,1,3,1,1,1,3,4,N,5,2,4,0,40000,2,20000,0,7,울산광역시,0,Y,N,N,N,N,1,4,2,4,9,4,5,9,4,9,9,9,4,4,4,4,4,만족
137,1,3,4,2,2,1,3,1,1,1,4,2,Y,4,12,4,0,120000,2,60000,0,15,경상북도,0,N,Y,N,N,Y,1,13,10,4,9,4,4,4,4,4,5,5,5,5,4,4,4,만족
138,1,4,3,2,2,1,3,1,2,1,3,3,Y,4,4,1,1,133000,1,133000,0,15,경상북도,0,Y,N,N,Y,Y,1,5,0,5,4,4,4,9,4,4,4,9,4,4,4,4,4,만족
139,1,5,4,2,2,1,3,1,1,1,5,3,Y,4,2,4,1,259000,2,129500,0,11,충청북도,7,Y,N,N,N,Y,1,6,12,5,9,5,4,4,4,5,5,9,5,5,5,4,4,매우만족
141,1,4,4,2,2,1,3,1,2,1,5,3,Y,4,4,1,0,98000,1,98000,0,3,대구광역시,0,N,N,N,N,Y,1,13,0,9,9,3,3,9,9,3,4,4,3,4,4,4,4,만족
142,2,6,3,2,2,3,5,3,2,1,3,2,Y,4,5,1,0,36665,1,36665,0,7,울산광역시,0,Y,N,N,N,Y,1,8,5,5,4,5,5,5,4,4,5,5,5,5,4,4,4,만족
143,1,4,3,2,2,1,8,1,1,1,4,3,Y,4,7,2,0,90000,2,45000,0,16,경상남도,0,Y,N,N,N,Y,1,5,15,5,9,4,5,5,5,4,4,9,4,4,4,5,4,매우만족
144,1,3,4,2,2,1,3,1,1,1,4,3,Y,4,10,3,0,120000,2,60000,0,3,대구광역시,0,N,Y,N,N,Y,1,13,3,9,9,4,4,3,3,4,4,4,4,4,4,4,4,만족
149,1,5,4,2,2,1,2,1,1,1,6,4,Y,4,3,1,2,1075000,5,215000,0,12,충청남도,7,Y,N,N,Y,N,2,3,10,4,3,3,4,3,4,5,4,2,3,4,4,4,3,만족
150,1,5,4,2,2,1,3,1,2,1,6,3,Y,4,5,1,0,71668,1,71668,0,3,대구광역시,0,N,Y,N,N,Y,1,11,13,4,9,4,5,9,4,3,4,4,3,4,4,4,4,만족
152,1,5,4,2,2,1,3,1,2,1,5,4,Y,4,12,4,0,199998,3,66666,0,16,경상남도,0,Y,Y,N,N,N,1,13,10,4,9,4,5,4,4,4,4,4,3,5,4,4,4,만족
153,1,3,4,1,2,1,8,1,1,1,4,3,Y,5,1,4,0,40000,2,20000,0,16,경상남도,0,Y,N,N,N,N,1,1,4,4,9,4,9,4,9,4,5,9,4,4,4,4,4,만족
155,1,4,4,2,2,1,3,1,1,1,5,4,Y,4,1,4,2,360000,2,180000,0,7,울산광역시,2,Y,N,Y,Y,N,1,13,0,4,3,4,3,4,3,4,3,2,3,3,3,3,3,보통
157,1,4,4,2,2,1,3,1,1,1,4,2,Y,4,2,4,0,42000,1,42000,0,16,경상남도,0,N,N,N,N,Y,1,15,0,9,9,4,4,9,9,9,4,9,3,4,4,4,4,만족
158,1,4,4,2,2,1,3,1,1,1,7,4,Y,4,2,4,0,325000,2,162500,0,7,울산광역시,0,N,Y,N,N,N,1,15,0,4,3,4,4,3,2,3,3,2,3,3,4,3,3,만족
160,1,5,4,2,2,1,7,1,1,1,5,3,Y,4,3,1,0,159500,2,79750,0,15,경상북도,0,Y,Y,N,N,N,1,5,8,4,9,4,5,4,4,4,4,9,4,4,4,4,4,만족
161,1,2,4,1,2,1,3,1,1,1,3,4,Y,4,4,1,0,138000,1,138000,0,6,대전광역시,0,N,N,N,Y,Y,10,13,0,9,9,4,3,9,9,3,9,3,4,4,4,4,4,만족
164,1,5,4,2,2,1,1,1,1,1,6,3,Y,4,6,2,0,63000,1,63000,0,3,대구광역시,0,N,N,N,N,Y,1,13,4,9,9,3,3,9,9,3,4,4,4,3,4,4,4,만족
165,1,2,4,1,2,1,3,1,1,1,3,3,Y,4,7,2,0,101000,2,50500,0,7,울산광역시,0,N,Y,N,N,Y,1,8,4,9,9,4,4,9,3,4,4,4,3,3,4,4,4,만족
166,1,3,4,1,2,3,5,3,1,1,5,4,Y,4,9,3,0,205000,4,51250,0,7,울산광역시,0,Y,Y,N,Y,N,1,15,0,4,3,3,4,4,4,5,4,3,4,4,4,4,4,만족
167,2,3,4,1,2,1,3,1,1,1,3,2,Y,4,9,3,1,350000,1,350000,0,1,서울특별시,2,N,Y,N,N,N,1,5,7,9,9,5,5,5,5,5,5,9,4,4,5,5,5,매우만족
169,2,3,4,1,2,1,3,1,1,1,4,3,Y,4,11,3,0,300000,2,150000,0,1,서울특별시,0,Y,Y,N,N,Y,2,13,11,4,9,3,4,9,4,4,4,4,3,3,4,4,4,만족
170,2,2,4,1,2,1,3,1,1,1,3,4,Y,4,5,1,1,155000,1,155000,0,3,대구광역시,2,Y,Y,N,N,N,1,2,1,4,4,4,4,4,4,4,4,9,4,4,4,4,4,만족
172,1,4,4,2,2,1,3,1,1,1,4,2,Y,4,4,1,0,60000,1,60000,0,16,경상남도,0,N,N,N,N,Y,1,15,0,9,9,4,4,9,9,4,4,9,4,4,3,4,2,보통
173,1,4,4,2,2,1,3,1,1,1,4,3,Y,4,5,1,0,100000,1,100000,0,16,경상남도,0,N,N,N,N,Y,1,1,2,4,4,5,4,4,3,5,4,4,4,4,4,4,4,만족
174,1,3,4,2,2,1,3,1,1,1,4,2,Y,4,7,2,1,500000,2,250000,0,1,서울특별시,2,Y,Y,N,N,Y,1,14,1,4,5,4,4,4,4,4,4,9,4,4,4,4,4,만족
175,1,4,4,2,2,1,3,1,1,1,6,4,Y,4,11,3,0,130000,4,32500,0,16,경상남도,0,N,Y,N,N,N,1,13,0,3,3,4,4,3,4,3,3,3,3,4,3,3,3,보통
176,2,4,4,2,2,3,4,3,2,1,2,2,Y,4,2,4,1,90000,3,30000,0,16,경상남도,12,Y,N,N,N,N,1,5,0,4,9,3,9,9,9,9,9,9,4,4,4,4,4,만족
177,1,2,4,1,2,1,3,1,1,1,3,4,Y,4,3,1,2,590000,2,295000,0,4,인천광역시,2,Y,Y,N,N,Y,1,15,2,5,4,2,4,9,5,4,4,3,2,3,4,4,4,만족
178,1,4,4,2,2,1,4,1,2,1,4,3,Y,4,4,1,0,62500,1,62500,0,7,울산광역시,0,Y,N,N,N,Y,1,2,11,5,5,5,4,5,5,5,5,5,5,5,4,4,4,만족
179,2,3,4,1,2,1,4,1,1,1,6,4,Y,4,5,1,0,31250,1,31250,0,16,경상남도,0,Y,N,N,N,Y,1,2,1,5,4,5,5,5,4,5,5,5,5,4,4,4,4,만족
181,1,5,4,2,2,1,3,1,1,1,6,3,Y,4,11,3,0,100000,2,50000,0,16,경상남도,0,N,N,N,N,Y,1,1,4,3,3,4,4,3,4,4,4,2,4,4,3,4,3,만족
189,1,5,4,1,3,3,7,3,1,1,4,3,Y,4,3,1,0,100000,2,50000,0,15,경상북도,0,Y,Y,N,N,Y,1,3,5,4,9,4,4,4,4,4,4,9,4,4,4,4,4,만족
194,2,4,3,2,3,1,4,1,2,1,3,3,Y,4,1,4,1,255000,2,127500,0,15,경상북도,2,Y,Y,N,N,N,1,14,15,5,9,3,5,9,4,4,4,9,4,3,4,4,4,만족
195,1,4,4,1,3,1,3,1,1,1,3,2,Y,4,2,4,0,32000,1,32000,0,15,경상북도,0,Y,N,N,N,N,1,3,4,4,9,4,3,9,3,3,3,9,2,4,3,3,3,보통
196,2,7,3,2,3,3,4,3,2,1,3,3,Y,4,3,1,0,245000,1,245000,0,15,경상북도,0,Y,Y,N,N,N,1,7,9,4,9,5,4,5,4,4,4,9,4,4,4,4,4,만족
197,1,5,3,2,3,3,4,3,2,1,5,3,Y,4,3,1,0,105000,2,52500,0,9,경기도,0,Y,N,N,N,N,1,14,5,4,9,2,4,9,3,4,4,9,3,4,3,4,3,만족
198,1,6,3,2,3,3,5,3,2,1,5,3,Y,4,6,2,0,50000,1,50000,0,15,경상북도,0,Y,Y,N,N,N,1,3,5,4,9,4,5,5,4,4,5,9,4,5,4,4,4,만족
199,2,6,2,2,3,3,5,3,2,1,4,3,Y,4,11,3,0,500000,2,250000,0,16,경상남도,0,Y,Y,N,N,N,11,7,4,4,9,3,5,5,4,3,4,9,4,3,4,4,4,만족
200,2,7,2,2,3,3,5,3,2,1,4,4,Y,4,11,3,0,200000,2,100000,0,15,경상북도,0,Y,Y,N,N,N,1,7,9,5,9,4,4,5,4,4,5,9,3,3,4,4,3,만족
201,2,5,3,3,3,1,4,1,2,1,3,3,Y,4,4,1,0,84500,1,84500,0,15,경상북도,0,Y,Y,N,N,N,1,4,1,4,4,5,4,4,4,4,5,9,4,4,4,3,4,만족
205,1,5,3,2,3,3,5,3,2,1,3,3,Y,4,12,4,0,300000,3,100000,0,10,강원도,0,Y,N,N,N,N,1,14,11,4,4,5,4,5,4,4,4,9,4,4,5,4,4,매우만족
206,1,6,4,2,3,1,3,1,1,1,5,3,Y,4,10,3,1,153000,1,153000,0,11,충청북도,7,N,N,N,N,Y,1,13,0,4,9,5,4,9,9,9,9,9,5,5,4,5,5,매우만족
208,2,4,4,2,3,1,3,1,1,1,3,4,N,5,3,1,1,60000,1,60000,0,11,충청북도,7,Y,Y,N,Y,N,1,2,14,5,5,5,4,9,5,5,5,9,5,5,5,5,5,매우만족
209,1,5,3,2,3,1,7,1,1,1,4,3,Y,4,11,3,0,100002,3,33334,0,15,경상북도,0,Y,Y,N,N,N,1,1,14,4,9,5,4,9,3,4,5,9,4,5,4,4,4,만족
210,1,2,4,1,3,1,8,1,1,1,3,3,Y,4,2,4,0,31000,1,31000,0,15,경상북도,0,Y,Y,N,N,N,1,1,0,4,9,5,4,4,3,4,3,9,3,4,3,3,4,만족
211,2,3,4,1,3,3,5,3,2,1,4,4,Y,4,6,2,0,100000,1,100000,0,2,부산광역시,0,Y,N,N,N,N,1,4,2,4,9,3,3,9,9,4,4,9,3,5,4,3,4,만족
212,2,2,4,1,3,3,4,3,2,1,3,3,Y,4,10,3,1,500001,3,166667,0,1,서울특별시,1,N,Y,N,Y,Y,1,2,6,4,9,3,4,9,4,4,4,9,2,3,4,4,4,만족
213,1,3,4,1,3,1,4,1,2,1,3,2,Y,4,11,3,2,400000,2,200000,0,5,광주광역시,2,N,Y,Y,N,Y,1,2,3,4,9,2,5,9,4,4,4,9,2,3,4,4,4,만족
214,2,3,4,1,3,1,3,1,1,1,3,3,Y,4,10,3,0,100000,1,100000,0,16,경상남도,0,Y,Y,N,N,N,1,1,5,5,9,3,5,9,5,4,4,9,4,4,4,4,4,만족
218,1,5,4,1,3,1,7,1,2,1,4,3,N,5,7,2,0,45000,1,45000,0,15,경상북도,0,Y,Y,N,N,N,1,5,1,5,4,4,5,9,4,4,4,9,3,4,5,4,4,매우만족
225,1,5,3,4,3,3,5,3,2,1,5,3,N,5,4,1,0,100000,1,100000,0,15,경상북도,0,Y,Y,N,N,N,1,5,2,5,9,5,4,9,4,4,4,9,3,4,5,5,4,매우만족
229,1,5,3,2,3,2,4,2,2,1,7,4,Y,4,8,2,0,299997,3,99999,0,15,경상북도,0,N,Y,N,N,N,1,7,8,4,9,4,4,5,5,4,4,9,2,3,4,4,4,만족
230,1,6,2,2,3,1,8,1,2,1,3,2,Y,4,11,3,0,70000,2,35000,0,15,경상북도,0,Y,N,N,N,N,11,2,14,4,9,5,4,9,3,4,4,9,4,4,4,4,3,만족
231,1,4,4,1,3,1,4,1,1,1,4,3,Y,4,12,4,0,200000,2,100000,0,9,경기도,0,N,N,Y,Y,N,1,1,2,4,4,2,4,9,5,4,4,9,2,3,4,4,4,만족
232,1,6,3,2,3,3,8,3,1,1,2,2,Y,4,3,1,0,24000,1,24000,0,15,경상북도,0,Y,N,N,N,N,1,9,2,4,9,4,4,9,4,4,4,9,3,5,3,3,3,보통
236,2,4,4,2,4,1,3,1,1,1,4,4,N,1,1,4,0,609999,3,203333,0,9,경기도,0,N,Y,N,N,N,1,7,4,9,9,4,4,4,4,4,9,9,9,9,4,4,4,만족
237,2,5,3,2,4,2,4,2,2,1,3,3,Y,4,4,1,0,145000,1,145000,0,1,서울특별시,0,N,Y,N,N,N,1,7,9,9,9,4,4,4,5,4,4,9,4,4,4,4,4,만족
238,1,3,4,1,4,1,3,1,1,1,4,3,N,5,5,1,0,30000,1,30000,0,1,서울특별시,0,Y,Y,N,N,N,1,15,0,9,9,4,5,9,9,9,9,9,9,4,4,4,4,만족
239,2,5,3,2,4,1,4,1,1,1,3,3,N,5,6,2,0,20000,1,20000,0,1,서울특별시,0,Y,N,N,N,N,1,5,14,4,5,4,4,9,4,4,4,5,4,4,4,4,4,만족
240,1,2,4,1,4,1,4,1,1,1,3,4,N,1,6,2,2,500000,1,500000,0,2,부산광역시,5,Y,Y,N,Y,N,6,2,1,5,4,3,5,3,4,4,4,9,3,4,4,4,4,만족
241,1,4,4,2,4,1,4,1,1,1,4,2,Y,4,6,2,2,4000000,8,500000,0,17,제주특별자치도,7,Y,Y,N,Y,Y,3,6,13,5,5,4,4,3,4,4,3,4,3,4,4,4,4,만족
242,1,4,4,2,4,1,3,1,1,1,4,3,N,5,3,1,0,50000,1,50000,0,1,서울특별시,0,Y,Y,N,Y,N,1,1,6,5,5,3,4,3,4,4,3,3,3,4,4,4,4,만족
245,1,2,4,1,4,1,3,1,1,1,3,3,N,3,5,1,0,20000,1,20000,0,1,서울특별시,0,Y,Y,N,N,N,1,2,4,5,5,4,5,5,5,4,4,9,4,4,4,4,4,만족
246,2,2,4,1,4,1,3,1,1,1,2,3,Y,4,7,2,0,30000,1,30000,0,1,서울특별시,0,N,N,N,N,N,1,15,0,9,5,4,4,9,5,5,4,9,4,4,4,4,4,만족
247,1,5,3,2,4,1,4,1,1,1,3,2,N,5,7,2,0,20000,1,20000,0,1,서울특별시,0,N,Y,Y,N,N,1,4,3,4,9,3,4,9,4,4,4,4,3,4,4,4,4,만족
248,1,4,3,2,4,3,7,3,2,1,4,2,N,2,6,2,2,106668,1,106668,1,12,충청남도,12,Y,Y,N,Y,N,1,5,4,5,5,3,5,9,4,4,4,9,3,3,5,3,4,만족
249,1,3,4,1,4,1,7,1,1,1,4,3,Y,4,7,2,4,1000000,2,500000,0,14,전라남도,3,Y,Y,N,Y,N,1,11,1,5,4,3,5,3,3,3,4,9,4,4,4,4,4,만족
252,1,6,4,2,4,1,4,1,1,1,4,3,Y,5,6,2,0,300000,2,150000,0,16,경상남도,0,N,N,N,N,Y,1,14,11,9,9,2,3,9,9,9,4,9,3,2,3,4,3,만족
254,1,5,4,2,4,1,3,1,2,1,5,3,Y,4,10,3,0,105000,1,105000,0,3,대구광역시,0,N,N,N,N,Y,1,13,0,3,3,3,4,4,4,4,4,4,3,4,3,4,4,만족
255,1,3,4,1,4,1,4,1,1,1,4,3,Y,4,11,3,0,20000,1,20000,0,1,서울특별시,0,N,N,N,N,Y,1,4,0,3,3,3,4,3,3,3,3,3,3,3,3,3,3,보통
257,2,2,4,1,4,1,4,1,1,1,2,4,Y,4,11,3,0,140000,2,70000,0,1,서울특별시,0,N,Y,N,N,N,5,1,5,4,4,4,5,5,5,4,5,5,4,5,5,4,4,매우만족
260,2,4,4,2,4,1,3,1,1,1,4,4,Y,4,6,2,0,49500,1,49500,0,9,경기도,0,Y,N,N,N,Y,1,13,1,5,9,5,5,9,9,5,9,5,4,5,3,3,3,보통
266,2,2,4,1,4,1,3,1,1,1,3,3,Y,4,8,2,0,96250,1,96250,0,12,충청남도,0,Y,N,N,N,N,1,5,11,4,5,4,4,3,4,4,5,4,9,4,4,4,4,만족
268,1,3,4,1,4,1,3,1,1,1,5,3,N,5,9,3,0,70000,1,70000,0,8,세종특별자치시,0,Y,Y,N,N,N,1,2,7,5,4,4,4,3,4,4,4,4,4,5,4,4,4,만족
269,1,3,4,2,4,1,3,1,1,1,4,4,N,1,8,2,0,162000,2,81000,0,12,충청남도,0,Y,Y,N,N,N,1,2,3,4,4,5,4,4,5,4,4,4,3,4,4,4,4,만족
272,1,5,3,4,4,1,4,1,1,1,4,4,Y,4,3,1,0,30000,1,30000,0,1,서울특별시,0,N,N,N,N,Y,5,10,11,9,9,4,4,9,9,9,9,5,4,4,4,4,4,만족
276,1,5,3,2,4,3,7,3,2,1,4,4,N,1,10,3,1,202000,1,202000,0,11,충청북도,2,Y,N,Y,N,N,1,14,0,9,9,4,3,9,3,4,4,9,4,4,3,4,3,만족
280,1,3,4,1,5,1,2,1,1,1,3,2,Y,4,9,3,0,150000,2,75000,0,14,전라남도,0,Y,N,Y,N,N,1,4,14,3,4,3,5,9,9,3,3,9,3,3,3,3,3,보통
281,2,4,4,2,5,1,3,1,1,1,4,4,N,5,2,4,0,65000,4,16250,0,13,전라북도,0,Y,Y,N,N,N,1,2,4,5,9,5,5,9,5,5,5,9,5,5,4,5,5,매우만족
283,1,3,4,1,5,1,3,1,1,1,4,3,N,1,1,4,0,134200,2,67100,0,14,전라남도,0,Y,Y,N,Y,N,1,2,12,5,9,5,5,9,5,5,5,9,5,5,4,4,4,만족
284,1,3,4,2,5,1,2,1,1,1,4,3,Y,3,7,2,0,150000,3,50000,0,14,전라남도,0,Y,Y,N,Y,N,3,5,6,4,4,3,4,5,9,5,4,9,5,5,5,4,4,매우만족
285,1,5,4,2,5,1,3,1,1,1,4,3,Y,2,1,4,1,290000,4,72500,0,14,전라남도,0,Y,N,N,Y,Y,1,11,9,3,4,3,3,9,9,3,4,9,3,3,3,3,3,보통
286,1,4,4,2,5,1,3,1,1,1,4,3,Y,4,2,4,1,437000,2,218500,0,2,부산광역시,0,Y,Y,N,Y,Y,1,12,1,4,4,4,3,9,4,5,4,9,3,4,4,4,4,만족
287,1,3,4,2,5,1,3,1,1,1,3,3,Y,4,3,1,0,190000,2,95000,0,13,전라북도,0,Y,Y,N,N,Y,1,11,8,4,5,4,5,4,9,4,4,9,4,5,4,4,4,만족
288,1,3,4,2,5,1,3,1,2,1,3,3,N,5,8,2,0,50000,1,50000,0,14,전라남도,0,Y,Y,N,N,N,1,3,1,4,9,4,5,9,4,4,4,9,4,4,4,4,4,만족
291,1,4,4,2,5,1,5,1,2,1,5,3,Y,4,10,3,0,299997,3,99999,0,14,전라남도,0,Y,Y,Y,N,N,1,4,2,5,9,4,5,9,4,4,5,4,4,5,4,4,4,만족
292,2,3,4,2,5,3,4,3,2,1,4,3,Y,4,6,2,0,1065000,1,1065000,0,1,서울특별시,0,N,Y,N,N,N,1,15,0,9,9,5,5,5,9,5,9,9,9,9,5,5,5,매우만족
293,1,5,4,1,5,1,2,1,1,1,4,3,Y,4,3,1,0,110000,1,110000,0,9,경기도,0,N,N,N,N,Y,2,13,0,5,4,5,4,3,4,5,4,5,5,5,4,4,4,만족
294,1,4,4,2,5,1,3,1,1,1,5,3,Y,4,8,2,0,200000,2,100000,0,13,전라북도,0,Y,N,N,Y,N,1,1,8,4,5,5,4,9,5,4,5,4,4,5,4,4,4,만족
296,2,3,4,2,5,1,3,1,2,1,3,3,Y,4,8,2,1,930003,3,310001,0,2,부산광역시,2,Y,Y,N,N,N,1,14,1,5,4,3,4,9,5,4,4,5,4,3,4,4,4,만족
297,2,5,3,2,5,3,5,3,2,1,5,3,Y,4,1,4,0,50000,2,25000,0,13,전라북도,0,Y,N,N,N,N,1,4,14,4,4,4,4,9,4,4,4,9,4,4,4,3,3,만족
298,1,5,4,2,6,1,1,1,1,1,6,4,Y,4,1,4,0,150000,2,75000,0,12,충청남도,0,N,Y,N,Y,Y,1,13,2,4,4,5,4,9,4,5,4,4,5,4,3,4,4,만족
301,1,5,3,4,6,3,7,3,1,1,3,2,Y,4,7,2,0,70000,1,70000,0,11,충청북도,0,Y,Y,N,Y,Y,1,5,4,3,4,3,3,9,3,4,3,3,4,4,3,3,3,보통
302,1,3,4,1,6,1,3,1,1,1,3,2,N,1,10,3,0,75500,1,75500,0,13,전라북도,0,Y,N,N,Y,N,1,2,1,4,4,3,4,4,3,3,4,9,3,3,4,4,4,만족
303,1,5,4,4,6,1,3,1,1,1,4,3,Y,4,10,3,0,70000,1,70000,0,8,세종특별자치시,0,Y,Y,N,N,N,1,9,3,3,4,3,4,3,3,4,9,4,2,2,3,2,2,불만족
313,1,6,4,4,6,1,3,1,1,1,3,2,Y,4,6,2,0,50000,1,50000,0,9,경기도,0,Y,N,N,N,N,1,9,0,4,9,3,3,9,9,4,3,9,4,4,2,2,2,불만족
314,1,3,4,1,6,1,2,1,1,1,3,3,Y,4,6,2,0,100000,1,100000,0,4,인천광역시,0,Y,Y,N,Y,N,1,8,1,3,4,5,4,3,4,5,5,4,5,4,4,3,3,만족
316,1,5,3,4,6,3,7,3,1,1,3,2,Y,4,4,1,0,81000,1,81000,0,11,충청북도,0,N,Y,N,Y,Y,1,3,1,3,3,2,2,3,3,4,4,4,4,3,3,4,3,만족
317,2,2,4,2,6,1,4,1,1,1,3,4,Y,4,3,1,0,100000,2,50000,0,8,세종특별자치시,0,Y,N,N,N,N,1,5,9,4,9,5,5,4,5,5,5,9,5,5,4,4,4,만족
323,1,3,4,2,6,1,3,1,1,1,5,3,N,5,9,3,0,50000,1,50000,0,8,세종특별자치시,0,Y,Y,N,N,N,1,4,14,5,9,3,4,9,9,9,9,9,4,3,3,4,4,만족
325,1,3,4,1,6,1,3,1,1,1,3,2,N,1,11,3,0,84000,1,84000,0,13,전라북도,0,Y,Y,N,Y,N,1,1,2,4,4,4,4,3,3,4,4,9,3,3,4,4,4,만족
327,2,4,4,2,6,1,3,1,1,1,3,4,N,5,7,2,0,30000,2,15000,0,8,세종특별자치시,0,Y,Y,N,N,N,1,5,2,5,9,5,5,9,5,5,5,9,4,5,4,4,4,만족
330,1,4,4,2,6,1,3,1,1,1,5,3,Y,3,1,4,1,300000,2,150000,0,11,충청북도,12,N,N,N,N,Y,1,13,0,9,9,5,4,9,9,9,9,9,9,9,4,4,4,만족
331,1,3,4,2,6,1,3,1,1,1,4,3,Y,1,1,4,0,150000,2,75000,0,12,충청남도,0,N,N,N,N,Y,1,13,0,9,9,5,5,9,9,9,9,9,9,9,4,4,4,만족
332,2,3,4,2,6,1,3,1,1,1,3,3,Y,4,3,1,0,120000,1,120000,0,12,충청남도,0,Y,Y,N,N,N,1,2,8,5,4,4,4,9,4,4,4,9,4,4,4,4,4,만족
338,1,3,4,2,6,1,3,1,1,1,5,3,N,5,1,4,0,30000,1,30000,0,11,충청북도,0,Y,Y,N,Y,N,1,8,13,5,4,4,4,4,5,4,4,9,4,4,4,4,4,만족
339,1,5,4,2,6,1,2,1,1,1,4,4,N,5,3,1,0,200000,4,50000,0,1,서울특별시,0,Y,Y,Y,N,N,1,15,1,5,9,4,4,9,9,3,4,5,4,4,4,5,4,매우만족
340,1,4,4,2,6,1,8,1,1,1,4,3,Y,4,3,1,0,45000,1,45000,0,11,충청북도,0,N,Y,N,N,Y,1,5,4,2,1,2,3,9,9,3,2,9,2,2,3,2,2,불만족
346,1,2,4,1,6,1,3,1,2,1,3,3,Y,4,11,3,0,150000,2,75000,0,9,경기도,0,N,Y,N,N,Y,1,3,5,2,9,2,2,5,9,4,2,9,3,3,4,3,3,만족
348,1,6,4,2,6,3,7,3,2,1,4,3,N,1,1,4,0,50000,1,50000,0,12,충청남도,0,Y,Y,N,N,N,1,5,8,5,9,5,5,5,4,4,9,9,5,4,4,4,4,만족
349,1,3,4,2,6,1,3,1,1,1,6,3,Y,4,1,4,0,73667,1,73667,0,11,충청북도,0,N,N,N,N,Y,1,13,0,5,9,5,5,9,9,5,5,9,4,5,4,4,4,만족
350,1,5,4,2,6,1,1,1,1,1,6,4,Y,4,1,4,0,80000,2,40000,0,12,충청남도,0,Y,Y,N,N,N,1,2,8,5,9,5,4,9,4,4,9,9,4,5,4,4,4,만족
351,1,3,4,1,6,1,3,1,1,1,3,2,N,1,4,1,0,28500,1,28500,0,13,전라북도,0,Y,Y,N,N,N,1,1,4,5,9,4,4,9,4,4,4,9,4,4,5,5,5,매우만족
353,1,3,4,1,6,1,3,1,1,1,3,2,N,2,5,1,0,164000,1,164000,0,13,전라북도,0,Y,Y,N,Y,N,1,1,12,5,9,4,5,4,5,4,4,9,5,4,4,4,4,만족
358,1,3,4,1,7,1,3,1,1,1,3,3,Y,4,4,1,0,54750,1,54750,0,16,경상남도,0,Y,N,N,Y,N,1,5,11,5,5,4,4,9,4,4,9,9,4,4,4,5,4,매우만족
360,2,5,4,2,7,1,3,1,1,1,5,4,Y,4,5,1,0,25000,1,25000,0,2,부산광역시,0,N,Y,N,N,N,1,13,0,3,3,4,4,4,4,4,4,3,3,3,3,4,4,만족
361,2,3,4,2,7,1,3,1,2,1,3,4,Y,4,6,2,0,231500,1,231500,0,2,부산광역시,0,N,Y,N,N,Y,5,5,7,9,9,5,9,5,5,5,5,9,5,5,5,5,5,매우만족
366,1,3,4,1,7,1,8,1,1,1,3,4,Y,4,10,3,0,115002,3,38334,0,16,경상남도,0,N,Y,N,N,Y,1,5,14,5,9,5,5,9,5,5,5,9,5,5,5,5,5,매우만족
367,2,5,4,2,7,1,5,1,1,1,3,4,Y,4,1,4,0,134500,1,134500,0,2,부산광역시,0,N,Y,N,N,Y,5,5,7,9,9,5,5,5,5,5,9,9,5,5,5,5,5,매우만족
368,2,3,4,1,7,1,3,1,1,1,3,3,Y,4,2,4,2,610000,2,305000,0,17,제주특별자치도,0,Y,Y,Y,Y,N,3,1,2,5,5,4,5,9,4,4,5,9,4,4,4,4,4,만족
371,1,5,3,2,7,1,7,1,1,1,5,3,Y,4,6,2,0,140000,1,140000,0,15,경상북도,0,Y,N,N,N,Y,1,1,2,3,4,4,4,4,5,4,3,4,4,3,4,3,4,만족
372,1,4,4,2,7,1,3,1,1,1,6,3,Y,4,10,3,0,75000,2,37500,0,2,부산광역시,0,N,Y,N,N,N,1,9,11,4,9,4,4,9,4,3,4,9,9,4,4,4,3,만족
373,1,5,4,2,7,1,3,1,1,1,7,4,Y,4,12,4,0,120000,2,60000,0,2,부산광역시,0,N,N,N,N,N,1,1,13,4,3,4,4,3,4,4,4,3,4,4,4,4,4,만족
374,1,4,4,2,7,1,3,1,1,1,7,4,Y,4,12,4,0,80000,2,40000,0,2,부산광역시,0,N,N,N,N,Y,1,2,1,4,4,4,4,3,4,3,4,5,3,4,4,4,4,만족
378,1,5,3,4,7,3,7,3,2,1,3,2,Y,4,6,2,0,63000,1,63000,0,15,경상북도,0,Y,N,N,Y,Y,1,2,1,5,5,4,4,9,4,4,4,9,4,4,4,4,4,만족
381,1,4,4,2,7,1,3,1,1,1,5,3,Y,4,9,3,0,297003,3,99001,0,14,전라남도,0,N,Y,N,Y,Y,1,10,13,4,4,4,5,4,5,5,5,5,5,5,4,4,4,만족
384,1,3,4,1,7,1,3,1,1,1,4,3,Y,4,2,4,1,330000,1,330000,0,1,서울특별시,2,N,Y,N,N,N,2,13,0,4,9,4,4,4,4,4,9,9,4,4,4,4,4,만족
385,1,3,4,1,7,1,3,1,1,1,3,3,Y,4,4,1,0,50000,1,50000,0,16,경상남도,0,N,Y,N,N,N,1,5,2,9,9,5,5,9,9,5,5,9,5,5,5,4,4,매우만족
386,1,5,4,2,7,1,3,1,1,1,6,3,Y,4,5,1,0,100000,1,100000,0,6,대전광역시,0,N,Y,N,Y,Y,1,14,11,9,3,4,4,9,4,3,4,4,3,4,4,4,4,만족
387,1,3,4,2,7,1,3,1,1,1,5,3,Y,4,9,3,0,101000,2,50500,0,2,부산광역시,0,N,Y,N,N,N,1,15,0,9,9,3,4,3,4,4,4,4,4,4,4,4,4,만족
388,1,3,4,1,7,1,3,1,2,1,3,2,Y,4,11,3,0,100000,2,50000,0,2,부산광역시,0,N,Y,N,N,Y,1,13,4,9,9,3,4,3,4,4,4,4,4,4,4,4,4,만족
389,1,4,4,2,7,1,3,1,1,1,5,3,Y,4,6,2,0,351000,1,351000,0,2,부산광역시,0,N,Y,N,N,Y,1,1,4,9,9,5,4,5,5,5,5,9,4,4,5,4,4,매우만족
390,1,3,4,2,7,1,3,1,1,1,4,2,Y,4,1,4,1,285000,1,285000,0,4,인천광역시,2,Y,N,N,N,Y,1,1,5,4,9,4,5,9,4,4,4,9,3,4,4,4,4,만족
393,1,4,4,1,7,1,3,1,1,1,5,3,Y,4,7,2,1,200000,2,100000,0,2,부산광역시,9,Y,N,N,N,N,1,6,5,5,4,4,4,5,4,5,4,4,5,5,4,4,4,만족
395,1,4,4,2,7,1,3,1,1,1,4,3,Y,4,3,1,0,50700,1,50700,0,2,부산광역시,0,N,Y,N,N,Y,1,5,9,4,9,4,5,9,9,4,4,9,4,3,4,4,3,만족
397,1,4,4,2,7,1,3,1,1,1,4,3,Y,4,4,1,1,205000,1,205000,0,2,부산광역시,1,Y,Y,N,N,Y,1,5,2,4,4,4,5,9,4,4,4,9,4,4,4,4,4,만족
398,1,5,4,2,7,1,3,1,1,1,5,4,Y,4,5,1,1,170000,1,170000,0,1,서울특별시,1,Y,Y,N,N,N,2,5,0,4,9,3,4,9,4,4,4,9,3,3,4,4,3,만족
399,1,3,4,1,7,1,3,1,1,1,4,3,Y,4,7,2,1,317000,2,158500,0,15,경상북도,9,Y,N,N,N,N,1,9,5,5,9,4,5,4,5,5,4,5,5,4,4,5,4,매우만족
400,1,4,4,2,7,1,7,1,1,1,4,3,Y,4,7,2,0,75000,2,37500,0,15,경상북도,0,Y,N,N,N,N,1,1,5,5,9,4,5,9,5,4,5,9,4,5,4,5,4,매우만족
401,1,4,4,2,7,1,3,1,1,1,4,3,Y,4,8,2,0,30000,1,30000,0,2,부산광역시,0,N,N,N,N,Y,1,11,0,3,3,3,4,9,3,4,4,9,3,3,3,4,3,만족
403,1,3,4,1,7,1,3,1,1,1,4,4,Y,4,1,4,0,101000,2,50500,0,16,경상남도,0,N,Y,N,Y,N,1,5,2,4,4,4,4,9,4,4,4,9,4,5,4,4,4,만족
404,1,4,4,2,7,1,3,1,1,1,4,4,Y,4,12,4,0,27000,1,27000,0,16,경상남도,0,N,N,N,N,Y,1,11,0,3,3,4,4,9,3,4,4,9,4,4,3,3,3,보통
406,1,3,4,1,7,1,5,1,1,1,3,3,Y,4,3,1,0,105000,4,26250,0,2,부산광역시,0,Y,N,N,Y,Y,1,9,4,5,4,5,5,5,4,5,5,5,5,5,4,4,4,만족
407,1,5,4,2,7,1,3,1,1,1,7,4,Y,4,4,1,0,110000,1,110000,0,3,대구광역시,0,N,Y,N,N,Y,1,9,4,4,4,4,4,9,9,4,4,9,4,4,4,4,4,만족
411,2,4,4,2,7,1,3,1,2,1,4,4,Y,4,12,4,0,100000,2,50000,0,2,부산광역시,0,Y,Y,N,Y,Y,1,8,2,4,9,3,3,9,4,4,4,4,3,3,4,4,4,만족
414,1,3,4,1,7,1,3,1,1,1,3,2,Y,4,2,4,0,70500,1,70500,0,16,경상남도,0,N,Y,N,N,N,1,4,9,4,9,4,5,4,4,4,4,9,4,4,4,3,3,만족
415,1,4,4,2,7,1,4,1,2,1,3,2,Y,4,3,1,0,101000,4,25250,0,3,대구광역시,0,N,N,N,N,Y,1,11,5,5,4,5,5,4,5,5,5,5,4,5,4,4,4,만족
417,1,3,4,1,7,1,3,1,1,1,4,3,Y,4,7,2,0,50000,2,25000,0,16,경상남도,0,N,N,N,N,N,1,4,11,5,4,4,5,4,4,4,5,4,4,4,4,4,4,만족
418,1,5,4,2,7,1,7,1,1,1,6,3,Y,4,11,3,0,60000,1,60000,0,2,부산광역시,0,N,N,N,N,Y,1,13,0,3,3,4,4,4,3,3,4,3,3,3,3,3,4,만족
419,1,3,4,2,7,1,3,1,2,1,3,3,Y,4,11,3,0,15000,1,15000,0,16,경상남도,0,N,N,N,N,N,1,15,0,3,3,4,3,9,9,4,4,9,4,4,3,4,3,만족
422,1,4,4,2,8,1,8,1,2,1,4,3,Y,4,4,1,0,44500,1,44500,0,12,충청남도,0,Y,N,N,Y,N,1,5,3,4,5,4,5,4,4,5,3,3,4,4,4,4,4,만족
423,1,4,4,2,8,1,3,1,1,1,5,3,N,5,7,2,0,70000,1,70000,0,13,전라북도,0,Y,Y,N,N,N,1,14,6,5,9,4,4,9,4,4,4,9,4,4,5,4,4,매우만족
424,1,3,4,2,8,1,3,1,1,1,3,2,Y,4,7,2,0,50000,1,50000,0,12,충청남도,0,Y,Y,N,Y,N,1,5,4,4,9,4,3,9,4,4,4,9,3,3,5,5,4,매우만족
426,1,5,3,2,8,3,7,3,2,1,6,4,Y,4,4,1,0,50000,1,50000,0,12,충청남도,0,N,Y,N,N,N,1,15,0,5,9,5,4,9,9,9,9,9,9,9,4,4,4,만족
427,1,2,4,1,8,1,3,1,1,1,4,3,Y,4,5,1,0,70000,1,70000,0,4,인천광역시,0,Y,Y,N,N,N,1,4,5,4,4,4,5,9,4,4,4,9,4,4,4,4,4,만족
428,1,4,4,2,8,1,3,1,1,1,4,3,N,5,7,2,0,50000,1,50000,0,11,충청북도,0,Y,Y,N,N,N,1,6,5,4,9,4,3,9,4,4,4,9,3,3,5,5,4,매우만족
430,1,5,4,2,8,1,3,1,1,1,3,3,Y,4,10,3,0,198000,2,99000,0,9,경기도,0,Y,Y,N,N,N,1,7,0,4,9,5,3,4,4,5,4,9,4,4,4,4,4,만족
433,1,5,4,2,8,2,1,2,2,1,7,4,N,1,6,2,0,195000,1,195000,0,6,대전광역시,0,Y,Y,Y,N,N,1,14,3,4,3,5,4,4,5,4,4,4,5,4,5,4,4,매우만족
436,1,3,4,2,8,1,4,1,2,1,4,2,Y,4,4,1,0,39500,1,39500,0,11,충청북도,0,Y,Y,N,N,N,1,1,4,4,5,4,5,3,4,5,4,5,3,3,4,4,4,만족
438,1,4,4,2,8,1,3,1,1,1,4,3,N,1,1,4,0,175000,4,43750,0,12,충청남도,0,Y,Y,N,Y,N,1,1,13,4,5,4,4,9,4,4,4,9,4,4,4,4,4,만족
442,1,3,4,1,8,1,2,1,1,1,4,4,Y,4,5,1,0,250000,1,250000,0,1,서울특별시,0,N,Y,N,N,N,2,7,5,9,9,3,3,5,9,9,9,9,3,3,4,3,3,만족
443,1,3,4,2,8,1,3,1,1,1,4,2,Y,1,8,2,1,574998,3,191666,0,12,충청남도,3,Y,Y,N,N,N,1,14,6,4,9,4,3,9,4,4,4,9,4,4,5,4,4,매우만족
446,1,3,4,2,8,1,2,1,1,1,5,3,N,2,5,1,1,166668,1,166668,1,10,강원도,4,Y,Y,Y,Y,N,1,4,5,4,9,5,5,5,5,5,5,9,5,5,4,4,4,만족
453,1,4,4,2,8,1,3,1,1,1,5,4,Y,4,4,1,0,67500,1,67500,0,12,충청남도,0,Y,N,N,N,Y,1,14,1,4,9,5,4,9,4,4,3,5,2,3,4,4,4,만족
454,2,5,4,2,8,3,2,3,1,1,4,4,Y,4,6,2,0,60000,2,30000,0,6,대전광역시,0,N,Y,N,N,N,1,7,8,4,4,5,4,5,4,4,5,4,4,5,4,4,3,만족
460,1,3,4,2,9,1,3,1,1,1,5,4,Y,4,1,4,1,420000,2,210000,0,15,경상북도,2,Y,Y,N,N,N,1,15,0,4,9,4,4,9,9,4,4,9,3,4,4,4,4,만족
461,1,3,4,2,9,2,4,2,2,1,5,4,Y,4,11,3,1,300000,1,300000,0,2,부산광역시,1,Y,Y,N,N,N,1,15,0,4,9,4,4,9,4,4,4,9,2,3,4,4,4,만족
463,1,3,4,1,9,1,3,1,1,1,3,3,Y,4,2,4,0,150000,1,150000,0,2,부산광역시,0,N,Y,N,Y,N,1,5,0,9,9,3,4,9,9,4,4,9,3,4,4,4,4,만족
465,1,5,4,1,9,3,4,3,2,1,4,3,Y,4,12,4,2,600000,1,600000,0,17,제주특별자치도,1,Y,Y,N,Y,Y,3,6,13,4,4,4,4,4,4,4,4,4,2,3,4,4,4,만족
468,1,5,4,1,9,2,7,2,2,1,4,3,Y,4,4,1,0,70000,1,70000,0,4,인천광역시,0,Y,Y,N,N,N,1,3,9,4,3,4,3,9,4,4,5,4,4,5,4,4,4,만족
472,1,5,4,2,9,3,5,3,2,1,7,4,Y,4,3,1,0,30000,1,30000,0,9,경기도,0,Y,Y,N,N,N,1,11,4,5,9,5,4,5,9,5,4,5,9,5,4,4,4,만족
473,1,2,4,1,9,1,4,1,1,1,3,4,Y,1,11,3,1,500000,5,100000,0,9,경기도,6,Y,N,N,N,N,1,4,3,4,4,4,4,9,4,4,4,9,4,4,4,4,4,만족
476,1,3,4,1,9,1,3,1,1,1,3,3,Y,4,12,4,0,30000,1,30000,0,1,서울특별시,0,Y,N,N,N,N,1,4,3,5,4,5,5,4,5,5,4,4,5,5,5,4,4,매우만족
477,1,5,3,2,9,3,7,3,2,1,4,3,Y,4,12,4,0,20000,2,10000,0,1,서울특별시,0,Y,N,N,N,N,1,3,4,5,5,9,5,4,5,4,5,5,5,4,5,5,5,매우만족
479,1,5,4,2,9,1,3,1,1,1,7,4,Y,1,4,1,0,39250,1,39250,0,9,경기도,0,Y,Y,N,Y,N,1,8,5,4,5,4,4,9,4,4,5,4,4,5,4,4,4,만족
480,1,4,4,2,9,1,3,1,1,1,4,3,N,1,4,1,0,38666,1,38666,0,9,경기도,0,Y,Y,N,N,N,1,4,1,4,9,5,3,9,5,5,4,5,5,5,4,4,3,만족
481,1,3,4,2,9,1,3,1,1,1,5,4,Y,4,6,2,0,30000,1,30000,0,4,인천광역시,0,Y,Y,Y,N,N,1,11,5,5,5,4,4,4,5,5,5,4,5,5,4,4,4,만족
483,1,3,4,2,9,1,3,1,1,1,5,3,Y,2,5,1,0,25000,1,25000,0,9,경기도,0,Y,N,N,N,N,1,15,0,9,9,4,4,9,9,9,9,9,4,4,4,4,2,만족
484,1,5,4,2,9,1,7,1,1,1,6,3,Y,4,9,3,1,196000,1,196000,0,15,경상북도,2,Y,Y,N,N,Y,1,2,15,5,4,4,4,4,4,3,4,9,4,4,4,4,4,만족
488,1,4,3,2,9,2,4,2,1,1,4,2,N,1,7,2,0,100002,3,33334,0,12,충청남도,0,Y,Y,N,Y,N,1,5,2,5,4,2,5,9,4,4,4,9,2,4,4,3,4,만족
489,1,5,3,2,9,1,3,1,1,1,4,2,N,2,7,2,0,100002,3,33334,0,9,경기도,0,Y,N,N,N,N,1,1,2,5,9,5,9,9,5,4,5,5,4,4,4,4,4,만족
492,1,3,4,1,9,1,4,1,1,1,4,3,Y,1,4,1,0,50000,1,50000,0,12,충청남도,0,N,Y,N,Y,N,1,5,3,4,3,3,4,3,3,3,4,9,3,4,3,3,4,만족
494,2,2,4,1,9,1,4,1,1,1,2,3,N,1,3,1,0,149004,3,49668,0,9,경기도,0,Y,N,N,N,N,6,2,1,5,4,5,5,4,5,5,5,4,5,5,4,4,4,만족
495,1,4,4,2,9,1,3,1,1,1,4,3,N,2,3,1,0,183332,4,45833,0,12,충청남도,0,Y,Y,N,N,N,1,2,12,5,4,5,5,5,4,5,5,9,4,5,4,4,4,만족
496,2,2,4,1,9,1,4,1,1,1,3,3,Y,4,4,1,1,98846,1,98846,0,9,경기도,0,Y,N,Y,Y,Y,1,6,2,4,3,5,5,9,4,4,3,4,4,4,4,3,4,만족
497,1,4,4,2,9,1,3,1,1,1,5,3,N,1,4,1,3,360000,1,360000,1,17,제주특별자치도,3,Y,Y,Y,Y,N,3,6,1,5,5,4,4,3,4,4,4,4,3,3,4,4,4,만족
500,2,5,3,2,9,2,4,2,1,1,3,4,Y,4,4,1,0,67000,1,67000,0,1,서울특별시,0,N,Y,N,N,Y,1,15,0,9,9,5,4,4,4,4,9,9,4,4,4,4,4,만족
501,1,3,4,1,9,1,7,1,1,1,4,3,N,1,5,1,1,75000,1,75000,0,10,강원도,6,Y,N,N,N,N,1,3,4,5,9,3,4,9,4,3,3,4,3,4,4,4,4,만족
502,1,4,4,2,9,1,5,1,1,1,3,2,N,2,5,1,2,75000,1,75000,1,12,충청남도,12,Y,Y,N,Y,N,1,5,6,4,5,4,5,9,4,4,4,9,4,4,4,4,5,매우만족
503,2,2,4,1,9,1,3,1,1,1,2,3,N,1,6,2,1,212000,1,212000,0,1,서울특별시,0,Y,Y,N,Y,N,1,8,2,3,3,3,5,4,4,4,4,9,3,4,4,4,4,만족
504,1,2,4,1,9,1,3,1,1,1,3,4,N,5,9,3,0,30000,1,30000,0,1,서울특별시,0,N,Y,N,Y,N,5,2,14,9,9,4,4,5,4,4,4,4,4,4,4,4,4,만족
505,1,5,4,2,9,1,3,1,1,1,4,3,N,5,12,4,0,100000,2,50000,0,6,대전광역시,0,N,Y,N,Y,N,1,5,1,4,9,2,5,9,4,4,4,9,4,3,4,4,5,매우만족
506,2,4,4,2,9,1,3,1,1,1,3,3,N,5,9,3,0,50000,1,50000,0,1,서울특별시,0,Y,N,N,N,N,1,5,15,5,4,5,4,4,5,5,4,5,4,5,4,4,4,만족
507,1,6,3,2,9,3,7,3,2,1,6,4,N,5,9,3,0,30000,1,30000,0,12,충청남도,0,Y,N,Y,N,N,1,1,5,5,4,4,9,9,4,4,4,4,4,4,5,5,4,매우만족
508,2,2,4,1,9,1,3,1,1,1,2,4,N,5,9,3,0,30000,1,30000,0,6,대전광역시,0,Y,N,N,N,N,3,2,5,5,5,4,4,5,4,5,5,4,5,4,4,4,4,만족
510,1,4,4,2,9,1,7,1,2,1,4,3,N,1,10,3,0,150000,4,37500,0,9,경기도,0,Y,Y,Y,N,N,1,2,1,5,4,3,5,9,4,4,3,4,3,4,4,4,4,만족
512,1,2,3,1,9,1,4,1,1,1,3,4,N,1,11,3,0,200000,4,50000,0,9,경기도,0,Y,Y,N,N,N,1,1,2,5,4,5,4,4,5,4,4,4,5,4,4,4,4,만족
514,1,3,4,1,9,1,3,1,1,1,4,3,N,5,12,4,0,50000,1,50000,0,1,서울특별시,0,Y,N,N,N,N,1,6,1,5,5,4,4,5,5,5,4,5,5,4,4,4,4,만족
516,1,5,2,1,9,1,4,1,2,2,2,1,Y,4,3,1,0,300000,3,100000,0,2,부산광역시,0,N,N,N,N,Y,11,15,0,4,9,4,4,9,9,4,9,9,9,9,3,4,3,만족
518,1,5,3,2,9,1,7,1,1,1,4,2,N,5,10,3,0,30000,4,7500,0,12,충청남도,0,N,N,Y,N,N,1,5,0,4,9,3,3,9,3,3,3,9,9,3,4,4,4,만족
523,2,3,4,2,9,1,3,1,1,1,4,4,Y,1,2,4,0,156000,2,78000,0,1,서울특별시,0,N,Y,N,N,N,1,4,7,3,4,4,3,5,4,3,4,9,4,4,4,4,4,만족
524,1,4,4,2,9,1,3,1,1,1,3,3,N,5,3,1,0,50000,2,25000,0,10,강원도,0,Y,Y,N,N,N,1,1,4,5,9,4,5,9,4,4,4,9,4,4,5,4,4,매우만족
525,1,3,4,4,9,1,3,1,1,1,4,3,Y,3,2,4,2,60000,2,30000,0,6,대전광역시,12,Y,Y,N,N,N,1,12,1,5,9,4,5,9,4,4,4,9,5,4,4,4,5,매우만족
527,1,3,4,2,9,1,3,1,1,1,4,3,Y,4,9,3,1,430002,3,143334,0,2,부산광역시,1,Y,Y,N,N,N,2,14,1,5,9,4,5,9,3,4,3,9,4,4,3,4,4,만족
528,1,5,3,2,9,2,8,2,2,1,5,3,N,1,4,1,0,50000,1,50000,0,4,인천광역시,0,Y,N,N,N,N,1,2,4,4,4,5,4,5,4,3,4,9,4,4,4,4,4,만족
529,2,2,4,1,9,1,3,1,1,1,4,3,N,1,10,3,0,150000,4,37500,0,9,경기도,0,Y,N,Y,N,N,1,15,2,5,5,4,5,9,4,4,5,9,5,5,4,4,4,만족
530,1,4,4,2,9,1,3,1,1,1,4,4,Y,4,11,3,2,990000,2,495000,0,2,부산광역시,1,Y,N,N,N,Y,2,1,0,5,9,4,4,9,4,4,5,9,4,4,5,4,4,매우만족
531,1,4,4,2,9,1,3,1,1,1,4,2,N,5,12,4,0,50000,2,25000,0,8,세종특별자치시,0,Y,N,N,N,N,1,4,2,4,9,9,4,9,4,4,5,9,4,4,4,4,4,만족
533,1,4,4,2,9,1,3,1,1,1,5,4,Y,4,6,2,3,495000,1,495000,0,6,대전광역시,7,Y,N,N,N,Y,6,13,2,5,9,4,4,9,5,5,4,9,4,4,4,4,5,매우만족
534,1,4,4,2,9,1,3,1,1,1,4,4,Y,4,11,3,2,698000,1,698000,0,17,제주특별자치도,1,Y,Y,N,N,N,3,2,5,5,4,4,4,9,4,4,5,9,4,4,4,4,4,만족
539,1,5,4,2,9,1,3,1,2,1,4,3,Y,4,5,1,1,150000,1,150000,0,10,강원도,2,Y,Y,N,N,N,1,13,8,4,5,9,5,4,5,9,5,5,4,5,5,4,4,매우만족
541,1,4,3,1,9,1,3,1,2,1,5,3,Y,4,7,2,1,90000,2,45000,0,6,대전광역시,2,Y,Y,N,N,N,1,8,2,4,3,4,4,4,4,3,4,4,3,4,4,4,3,만족
545,1,3,4,1,9,1,3,1,1,1,3,4,Y,4,12,4,0,50000,1,50000,0,9,경기도,0,Y,Y,N,N,Y,1,3,4,5,4,5,5,4,5,4,4,4,5,4,5,5,4,매우만족
551,2,2,4,1,9,1,5,1,2,1,1,4,Y,4,10,3,0,50000,2,25000,0,1,서울특별시,0,Y,N,N,N,Y,6,3,4,5,9,5,5,4,5,5,4,4,5,4,5,5,4,매우만족
552,1,4,3,4,9,1,7,1,2,2,3,2,Y,4,1,4,0,97000,2,48500,0,9,경기도,0,Y,Y,N,N,N,1,1,8,5,9,5,4,9,4,4,4,9,3,4,5,4,4,매우만족
554,1,4,4,2,9,1,2,1,1,1,5,3,N,1,2,4,1,300000,3,100000,0,10,강원도,3,Y,N,N,N,N,1,15,4,4,9,5,4,9,9,4,4,9,3,5,4,4,3,만족
557,1,3,4,2,9,1,3,1,1,1,4,3,Y,4,5,1,0,209000,1,209000,0,12,충청남도,0,Y,N,N,N,N,1,1,2,5,4,5,4,5,5,5,5,4,4,4,4,4,4,만족
558,1,4,4,1,9,1,7,1,1,1,4,3,Y,4,6,2,1,84000,1,84000,0,11,충청북도,3,Y,Y,N,N,Y,1,15,0,4,9,4,3,9,9,4,3,9,3,4,4,2,3,보통
559,1,3,4,1,9,1,2,1,1,1,5,3,Y,4,7,2,0,49500,1,49500,0,12,충청남도,0,Y,Y,N,N,N,1,15,0,5,9,5,5,9,9,9,4,9,3,4,5,5,5,매우만족
562,1,3,4,1,9,1,3,1,1,1,4,3,N,1,10,3,0,100000,2,50000,0,9,경기도,0,Y,Y,N,N,N,1,4,1,4,9,4,4,9,9,3,4,9,3,3,4,4,4,만족
563,1,4,3,2,9,1,3,1,1,1,4,4,N,5,12,4,4,300000,1,300000,0,15,경상북도,2,N,Y,Y,N,N,1,4,12,4,9,4,4,9,9,5,4,5,3,3,5,4,4,매우만족
566,1,4,4,2,9,1,3,1,1,1,5,3,Y,4,4,1,0,95000,1,95000,0,9,경기도,0,N,Y,N,N,Y,1,9,2,9,9,5,4,9,9,4,9,9,4,4,4,4,4,만족
576,1,3,4,1,9,1,3,1,2,2,4,3,Y,4,5,1,0,30000,1,30000,0,9,경기도,0,N,N,N,N,N,5,9,0,3,3,3,4,9,4,4,4,9,4,4,3,3,3,보통
577,2,3,4,2,9,1,3,1,1,1,3,3,Y,4,6,2,0,21666,1,21666,0,9,경기도,0,Y,N,N,N,N,1,4,0,4,4,4,4,9,4,4,4,4,9,4,4,4,4,만족
583,1,4,4,2,9,1,3,1,1,1,6,3,Y,4,4,1,0,20000,1,20000,0,4,인천광역시,0,N,N,N,N,N,1,4,0,4,4,5,5,4,4,9,9,9,9,5,4,3,3,만족
584,1,4,4,2,9,1,3,1,2,1,4,3,N,5,3,1,0,50000,2,25000,0,4,인천광역시,0,Y,N,N,N,N,1,4,13,5,5,4,4,4,3,4,4,9,4,3,4,3,3,만족
586,1,6,3,2,9,3,8,3,2,1,3,3,Y,4,4,1,0,57500,1,57500,0,12,충청남도,0,N,N,N,N,Y,1,15,0,9,9,5,4,5,9,5,4,9,5,5,4,4,4,만족
589,1,3,4,2,9,1,3,1,1,1,3,2,Y,4,6,2,0,30500,1,30500,0,1,서울특별시,0,N,N,N,N,Y,1,15,0,9,9,4,4,9,9,4,5,9,4,3,4,3,3,만족
590,1,4,3,1,9,1,4,1,1,1,3,2,N,5,5,1,0,30000,1,30000,0,4,인천광역시,0,Y,Y,N,N,N,1,11,3,4,4,5,4,5,5,5,4,4,5,4,4,4,4,만족
592,1,3,4,2,9,1,3,1,1,1,4,2,Y,4,7,2,0,195000,1,195000,0,14,전라남도,0,N,N,N,N,N,1,11,0,4,9,4,4,9,9,9,9,9,3,9,4,4,4,만족
594,2,2,4,1,9,1,3,1,1,1,3,3,Y,4,11,3,1,590001,3,196667,0,3,대구광역시,0,Y,Y,N,Y,N,2,14,3,5,5,4,5,5,4,5,5,9,4,4,4,4,4,만족
595,2,4,3,2,9,3,5,3,2,1,3,3,Y,4,4,1,1,102666,1,102666,0,11,충청북도,12,Y,N,N,N,N,1,5,15,4,9,5,4,9,5,4,5,9,4,5,4,4,4,만족
597,1,3,4,1,9,1,7,1,1,1,5,3,Y,4,5,1,0,50000,1,50000,0,9,경기도,0,N,N,N,N,N,1,13,0,2,3,3,3,9,9,9,4,3,4,3,3,4,2,보통
602,2,5,3,2,9,1,4,1,2,1,3,4,Y,4,8,2,0,197001,3,65667,0,12,충청남도,0,N,N,N,N,N,1,5,4,5,4,4,4,3,4,5,4,4,4,4,4,4,4,만족
603,2,3,4,2,9,1,3,1,1,1,3,3,Y,4,9,3,0,150000,3,50000,0,10,강원도,0,Y,Y,N,N,N,1,2,4,4,9,4,4,5,4,4,3,4,4,5,4,4,3,만족
604,2,5,4,2,9,3,5,3,2,1,4,4,Y,4,2,4,2,175000,4,43750,0,16,경상남도,12,Y,N,N,N,N,1,11,4,5,9,4,5,5,9,3,4,4,4,5,4,3,3,만족
607,1,5,3,2,9,3,5,3,1,1,5,3,Y,4,12,4,1,265000,1,265000,0,14,전라남도,2,Y,Y,N,Y,N,1,15,0,4,4,3,4,4,3,4,4,4,4,4,4,4,4,만족
609,1,4,4,2,9,1,5,1,1,1,5,4,Y,4,3,1,0,105000,1,105000,0,10,강원도,0,Y,Y,N,N,N,1,8,5,5,5,4,4,3,4,5,5,5,4,4,4,4,4,만족
610,1,2,4,1,9,1,3,1,1,2,3,2,Y,4,3,1,2,209000,1,209000,0,15,경상북도,1,Y,N,N,Y,Y,2,13,2,5,4,4,4,3,4,5,4,4,3,4,4,4,4,만족
611,1,5,4,2,9,1,7,1,1,1,5,4,Y,4,3,1,1,343500,1,343500,0,2,부산광역시,2,Y,Y,N,N,N,2,5,11,4,4,4,4,3,4,4,4,4,3,4,5,4,4,매우만족
612,1,4,4,2,9,1,7,1,1,1,5,3,Y,4,6,2,1,319000,1,319000,0,15,경상북도,1,Y,N,N,Y,Y,1,5,15,4,5,4,3,4,4,5,4,4,4,3,4,4,4,만족
613,1,4,4,2,9,1,3,1,1,1,4,3,Y,4,4,1,1,250000,1,250000,0,6,대전광역시,7,Y,Y,N,N,Y,1,13,5,5,4,3,5,4,4,5,4,3,4,4,4,3,4,만족
618,1,7,4,2,9,2,2,2,1,1,6,3,Y,4,9,3,1,500000,2,250000,0,11,충청북도,1,Y,Y,N,N,N,1,15,1,5,4,4,5,4,9,4,5,9,3,4,5,4,4,매우만족
622,1,4,4,2,9,1,2,1,1,1,7,4,N,5,10,3,0,35000,1,35000,0,12,충청남도,0,Y,Y,N,N,N,1,1,2,5,4,4,5,9,9,4,5,9,3,4,5,5,5,매우만족
624,1,4,4,2,9,1,3,1,1,1,5,4,N,1,12,4,1,300000,1,300000,0,14,전라남도,1,Y,Y,N,N,N,1,1,5,5,4,4,5,9,9,4,3,9,3,4,4,4,4,만족
625,1,3,4,1,9,1,3,1,1,1,4,3,N,1,6,2,0,99999,3,33333,0,9,경기도,0,Y,Y,N,N,N,1,2,8,4,4,3,4,4,4,3,4,9,4,4,4,4,4,만족
626,2,5,3,2,9,1,5,1,2,1,3,3,Y,4,7,2,0,120000,2,60000,0,9,경기도,0,Y,Y,N,N,N,1,2,9,4,4,3,4,4,3,4,4,9,4,4,4,4,4,만족
628,1,4,4,2,9,1,3,1,1,1,4,2,N,1,3,1,0,195000,3,65000,0,9,경기도,0,Y,Y,N,N,N,1,9,4,4,3,3,4,3,3,4,3,9,3,4,4,4,4,만족
630,1,5,4,2,9,2,5,2,2,1,7,4,N,1,3,1,0,385002,3,128334,0,10,강원도,0,N,Y,Y,N,N,1,1,11,4,9,4,4,9,4,3,4,9,4,4,4,4,4,만족
631,1,5,3,2,9,1,3,1,1,1,5,3,Y,4,5,1,0,40000,1,40000,0,9,경기도,0,N,Y,N,N,Y,9,4,9,4,5,4,4,9,4,9,4,9,3,4,4,4,4,만족
632,1,4,4,2,9,1,3,1,1,1,5,4,Y,4,11,3,0,120000,3,40000,0,9,경기도,0,Y,Y,N,N,N,1,2,8,4,4,3,4,4,4,3,4,9,4,3,4,4,4,만족
644,1,2,4,1,9,1,3,1,1,1,3,4,N,1,10,3,1,1000000,2,500000,0,10,강원도,1,Y,Y,Y,N,N,1,1,14,4,4,4,4,9,4,4,4,9,3,3,4,4,4,만족
648,1,2,4,2,9,3,5,3,2,1,6,3,Y,4,2,4,0,30000,1,30000,0,10,강원도,0,N,Y,N,N,N,1,5,0,4,3,3,4,9,9,4,4,9,4,3,3,4,4,만족
665,1,4,3,1,10,1,7,1,1,1,4,3,Y,4,4,1,9,388889,1,388889,0,10,강원도,2,N,N,N,N,Y,1,15,0,9,9,3,4,9,9,3,3,9,2,3,2,2,2,불만족
669,2,5,4,2,10,1,5,1,1,1,5,4,Y,4,1,4,1,500001,3,166667,0,10,강원도,3,Y,Y,N,N,N,1,3,8,4,9,4,4,9,9,9,9,9,9,9,4,4,4,만족
673,2,5,4,1,10,1,2,1,2,1,1,1,Y,4,4,1,0,245000,1,245000,0,1,서울특별시,0,N,Y,N,N,N,2,7,0,3,3,4,4,4,3,4,3,9,3,3,4,4,4,만족
677,1,2,4,1,10,1,2,1,1,2,2,2,N,5,12,4,0,80000,2,40000,0,10,강원도,0,Y,Y,N,N,N,8,2,0,5,9,4,4,9,3,3,3,9,3,3,5,5,4,매우만족
684,1,4,4,2,10,1,4,1,2,1,4,2,Y,4,8,2,0,120000,1,120000,0,1,서울특별시,0,N,N,N,N,N,1,15,0,9,9,3,4,9,9,4,9,9,9,9,4,4,3,만족
688,2,4,4,2,10,1,3,1,1,1,1,5,N,1,3,1,1,329000,2,164500,1,10,강원도,0,Y,Y,N,Y,N,1,2,6,4,4,4,4,4,4,4,4,4,4,4,4,5,5,매우만족
689,2,3,4,4,10,3,4,3,2,1,4,3,Y,4,9,3,1,160000,1,160000,0,7,울산광역시,12,Y,N,N,Y,N,1,1,11,5,5,4,4,9,9,4,4,4,4,4,4,4,4,만족
694,1,3,4,2,10,1,4,1,1,1,4,2,N,1,6,2,1,125833,1,125833,0,10,강원도,6,Y,N,N,N,N,1,4,14,5,9,5,9,9,9,3,3,9,4,4,4,4,4,만족
696,1,6,4,2,10,3,5,3,2,1,5,3,Y,4,8,2,0,99999,3,33333,0,9,경기도,0,N,Y,N,N,N,1,8,15,5,9,4,4,9,9,9,9,9,4,4,4,4,4,만족
698,1,6,3,2,10,3,5,3,2,1,4,3,Y,4,1,4,0,100000,1,100000,0,10,강원도,0,Y,Y,N,N,N,1,7,0,4,9,4,4,4,9,4,9,9,4,4,3,3,3,보통
699,1,3,4,2,10,1,5,1,1,1,4,2,Y,4,6,2,0,40000,1,40000,0,10,강원도,0,Y,N,N,N,Y,1,13,0,5,9,5,4,9,9,5,9,9,4,4,3,4,3,만족
700,1,4,4,2,10,1,4,1,1,1,3,2,Y,4,4,1,0,80000,1,80000,0,10,강원도,0,Y,N,N,N,N,1,1,0,5,5,5,5,9,9,5,5,9,5,5,3,4,4,만족
701,1,2,4,1,10,1,9,1,2,1,3,2,Y,4,6,2,0,30000,1,30000,0,10,강원도,0,Y,N,N,N,N,1,15,0,5,9,5,5,9,9,5,9,9,5,5,3,4,4,만족
702,1,5,3,2,10,1,5,1,1,1,3,2,Y,4,6,2,0,70000,1,70000,0,10,강원도,0,Y,N,N,N,N,1,15,0,5,9,5,5,9,9,5,9,9,5,5,3,4,3,만족
703,1,6,3,2,10,3,5,3,2,1,3,2,Y,4,11,3,0,30000,1,30000,0,10,강원도,0,Y,N,N,N,Y,1,13,0,4,9,4,4,9,9,4,9,9,9,4,3,4,3,만족
704,2,3,4,2,10,1,4,1,1,1,4,4,Y,4,1,4,0,60000,1,60000,0,10,강원도,0,N,Y,N,N,Y,1,1,4,9,9,4,4,9,9,9,9,9,9,4,3,2,3,보통
710,1,6,3,2,10,1,9,1,1,1,2,2,Y,4,6,2,1,90000,1,90000,0,1,서울특별시,12,N,N,N,N,Y,6,15,0,4,9,4,4,9,9,9,9,9,9,9,4,4,4,만족
719,1,2,4,1,10,1,4,1,2,2,3,2,Y,4,2,4,0,35000,1,35000,0,10,강원도,0,Y,N,N,N,Y,10,5,15,4,4,4,4,9,4,4,4,9,3,3,3,3,3,보통
722,2,5,2,2,10,3,6,3,2,1,3,3,Y,4,5,1,0,49000,1,49000,0,10,강원도,0,Y,N,N,N,N,1,13,5,4,3,4,4,9,3,4,3,9,3,3,3,3,3,보통
725,1,7,1,2,10,3,4,3,2,2,2,1,Y,4,9,3,0,92500,1,92500,0,10,강원도,0,N,N,N,N,Y,1,4,9,9,9,3,3,9,9,9,9,9,9,9,2,3,3,보통
726,1,5,3,2,10,1,4,1,2,1,4,3,N,2,4,1,0,47500,1,47500,1,9,경기도,0,Y,N,N,N,N,1,5,14,5,5,4,4,9,4,4,4,9,3,3,4,4,3,만족
727,1,6,3,4,10,3,6,3,2,1,3,2,Y,4,10,3,0,200000,1,200000,0,11,충청북도,0,N,Y,N,N,N,1,7,8,3,9,4,4,4,3,4,4,9,3,4,4,4,4,만족
729,2,6,1,2,10,4,6,4,2,1,2,3,Y,4,3,1,0,102000,1,102000,0,11,충청북도,0,Y,Y,N,N,N,6,5,7,5,4,4,4,4,4,4,3,9,3,4,3,4,3,만족
730,1,6,2,2,10,3,5,3,2,1,2,3,Y,4,1,4,0,233000,1,233000,0,10,강원도,0,Y,Y,N,N,N,1,5,1,4,4,4,4,4,4,4,4,9,4,4,3,3,3,보통
731,2,5,2,2,10,4,6,4,2,1,1,2,Y,4,9,3,0,101000,2,50500,0,10,강원도,0,N,Y,N,N,Y,1,4,3,9,9,4,4,9,9,9,5,9,9,9,3,3,3,보통
733,1,4,3,4,10,1,8,1,1,1,3,2,Y,4,9,3,0,60000,1,60000,0,9,경기도,0,N,Y,N,N,Y,1,1,8,9,9,3,3,9,9,9,9,9,9,9,3,3,3,보통
734,1,6,3,2,10,3,8,3,2,1,4,3,Y,4,2,4,0,200000,2,100000,0,10,강원도,0,Y,Y,N,N,N,1,5,7,5,4,3,4,4,4,4,3,9,3,3,4,3,3,만족
735,1,7,2,2,10,3,4,3,2,1,3,2,N,2,12,4,1,182000,2,91000,0,10,강원도,12,Y,Y,Y,N,N,1,14,9,5,9,5,5,9,9,5,5,9,4,4,4,4,4,만족
737,1,5,4,2,10,3,5,3,1,1,4,4,Y,4,3,1,0,465000,2,232500,0,10,강원도,0,Y,Y,N,N,Y,1,7,8,4,9,4,4,4,9,9,9,9,9,9,4,4,4,만족
738,1,6,3,2,10,3,4,3,2,1,4,4,Y,4,3,1,0,380000,4,95000,0,11,충청북도,0,Y,Y,N,N,Y,1,8,4,4,9,4,3,9,9,4,9,5,4,4,4,3,4,만족
741,1,2,3,1,10,1,4,1,1,1,3,3,Y,4,5,1,0,50000,1,50000,0,10,강원도,0,N,Y,Y,N,N,1,7,15,3,9,4,9,4,9,4,4,9,4,4,4,4,4,만족
742,2,4,4,4,10,3,4,3,2,1,3,2,Y,4,9,3,0,300003,3,100001,0,10,강원도,0,N,Y,N,N,N,1,8,7,4,9,4,4,4,4,4,9,9,9,9,4,4,4,만족
743,1,6,3,2,10,3,4,3,2,1,3,2,Y,4,12,4,0,300000,2,150000,0,7,울산광역시,0,N,Y,N,N,Y,1,3,9,4,9,3,4,9,4,4,4,9,3,2,4,3,3,만족
751,1,5,4,2,10,3,5,3,2,1,7,5,Y,4,2,4,1,345000,1,345000,0,10,강원도,1,Y,Y,N,N,N,1,15,0,4,9,4,2,2,2,2,3,9,2,2,4,3,1,보통
756,2,4,4,2,10,1,4,1,1,1,3,4,N,5,4,1,0,20000,1,20000,0,10,강원도,0,Y,Y,N,N,N,1,8,0,2,9,4,5,9,9,9,3,9,3,3,4,4,4,만족
760,1,4,4,2,11,1,3,1,1,1,3,2,Y,4,3,1,0,206000,2,103000,0,1,서울특별시,0,N,Y,N,N,Y,1,5,3,2,2,1,4,4,4,3,3,4,4,2,4,3,3,만족
761,1,3,4,2,11,1,10,1,1,1,3,2,Y,4,3,1,0,232000,4,58000,0,11,충청북도,0,N,Y,N,Y,Y,1,3,12,4,3,5,5,9,4,4,4,4,4,4,4,4,4,만족
764,1,5,4,2,11,1,8,1,1,1,5,3,Y,4,11,3,0,60000,1,60000,0,11,충청북도,0,Y,Y,N,N,Y,1,4,8,4,3,4,4,4,3,4,4,3,4,4,3,2,2,불만족
765,1,4,4,2,11,1,3,1,1,1,4,3,Y,4,11,3,0,70000,1,70000,0,9,경기도,0,N,Y,N,N,N,1,5,2,3,9,4,4,3,3,4,4,3,2,4,3,4,3,만족
766,1,4,4,2,11,1,3,1,1,1,4,3,Y,4,12,4,0,50000,1,50000,0,11,충청북도,0,N,N,N,N,Y,1,15,0,3,3,5,4,9,4,5,4,4,5,4,4,3,3,만족
767,1,4,4,2,11,1,3,1,1,1,4,3,Y,4,3,1,0,150000,2,75000,0,11,충청북도,0,Y,Y,N,N,Y,1,2,13,4,9,4,5,3,4,4,5,5,3,4,4,4,4,만족
769,1,3,4,1,11,3,6,3,2,1,2,3,Y,4,6,2,0,75000,1,75000,0,11,충청북도,0,Y,Y,N,Y,Y,1,9,5,3,3,4,4,3,9,3,4,9,4,4,3,3,3,보통
770,1,6,2,4,11,3,8,3,1,1,3,2,Y,4,6,2,0,30000,1,30000,0,11,충청북도,0,N,Y,N,N,Y,1,4,3,3,4,3,3,4,4,3,3,9,3,4,3,3,4,만족
771,1,5,3,4,11,3,8,3,2,1,4,4,Y,4,6,2,0,40000,1,40000,0,10,강원도,0,N,Y,N,N,N,1,15,0,4,3,4,2,9,9,3,4,9,3,3,3,3,4,만족
775,1,3,4,1,11,1,3,1,1,1,4,3,Y,4,10,3,1,250000,2,125000,0,12,충청남도,2,Y,N,N,N,N,1,3,14,4,4,5,5,4,5,4,4,5,4,5,4,4,4,만족
779,1,3,4,2,11,1,3,1,1,1,3,2,N,3,2,4,1,100000,2,50000,0,11,충청북도,12,Y,Y,N,N,N,1,2,3,4,5,4,4,5,4,3,4,5,4,5,4,4,4,만족
780,2,3,4,2,11,1,3,1,1,1,4,4,Y,4,8,2,0,199998,3,66666,0,12,충청남도,0,Y,Y,Y,N,N,1,12,1,5,9,5,5,9,5,5,5,9,5,5,4,4,4,만족
784,2,3,4,1,11,1,3,1,1,1,3,4,Y,4,11,3,0,145000,1,145000,0,6,대전광역시,0,Y,Y,N,N,Y,1,5,7,4,4,5,4,4,4,4,5,9,4,4,4,4,4,만족
786,1,5,4,2,11,1,2,1,2,1,5,3,Y,4,2,4,0,300000,3,100000,0,7,울산광역시,0,Y,Y,N,N,Y,2,5,2,5,2,3,4,9,9,4,4,3,3,4,5,5,5,매우만족
787,1,3,4,1,11,1,3,1,1,1,3,2,Y,4,3,1,0,40000,1,40000,0,6,대전광역시,0,Y,Y,N,Y,N,1,2,1,5,4,3,4,3,3,3,4,9,3,3,4,4,4,만족
789,2,5,3,2,11,3,4,3,2,1,3,3,Y,4,9,3,0,80000,2,40000,0,9,경기도,0,Y,Y,N,N,N,1,4,5,4,9,4,9,4,9,9,9,9,4,4,4,3,3,만족
792,2,5,3,2,11,1,3,1,1,1,3,3,Y,4,8,2,0,237000,4,59250,0,12,충청남도,0,Y,Y,Y,N,N,1,4,2,5,9,4,5,4,5,5,5,4,4,4,5,4,4,매우만족
795,2,7,1,2,11,4,6,4,2,1,1,1,Y,4,4,1,0,192500,1,192500,0,6,대전광역시,0,N,Y,N,N,Y,1,15,8,3,9,3,4,9,3,4,4,9,3,3,3,3,3,보통
797,1,4,3,2,11,1,7,1,1,1,4,3,Y,4,10,3,0,45000,1,45000,0,6,대전광역시,0,N,N,N,N,Y,1,13,0,3,9,3,4,9,4,4,4,9,3,3,4,3,3,만족
799,1,3,3,1,11,1,2,1,1,1,3,2,Y,5,1,4,0,120000,2,60000,0,11,충청북도,0,Y,Y,N,N,N,1,3,14,3,2,5,3,3,9,4,4,3,4,3,3,3,3,보통
802,1,5,4,2,11,1,2,1,1,1,5,4,Y,4,11,3,0,40000,1,40000,0,9,경기도,0,N,Y,N,N,Y,1,3,0,4,9,4,4,9,9,4,5,4,5,4,4,3,3,만족
804,1,5,4,2,11,1,3,1,1,1,5,3,Y,4,7,2,0,60000,1,60000,0,11,충청북도,0,N,Y,N,N,Y,1,4,5,5,4,2,3,9,9,4,3,9,2,3,4,3,3,만족
805,1,4,4,2,11,1,3,1,1,1,4,2,Y,4,10,3,0,50000,1,50000,0,13,전라북도,0,Y,Y,N,N,N,1,15,0,5,9,4,4,9,4,4,4,9,3,4,4,4,4,만족
809,1,6,3,1,11,4,6,4,2,1,1,2,Y,4,10,3,0,50000,1,50000,0,11,충청북도,0,Y,Y,N,N,N,1,1,3,3,9,3,3,2,3,4,3,9,4,5,3,3,3,보통
811,2,3,4,1,11,1,3,1,1,1,3,3,Y,4,1,4,0,100000,2,50000,0,11,충청북도,0,N,Y,N,Y,N,1,7,8,3,3,4,4,5,3,4,4,4,2,4,4,4,4,만족
812,1,3,4,2,11,1,3,1,1,1,4,3,Y,4,6,2,1,200000,2,100000,0,6,대전광역시,7,Y,Y,N,N,N,1,6,1,5,4,4,5,4,4,5,4,9,4,5,4,4,4,만족
814,2,3,4,2,11,1,3,1,1,1,3,3,Y,4,10,3,0,260000,4,65000,0,11,충청북도,0,N,Y,N,N,Y,1,14,5,2,9,3,4,5,9,4,3,5,4,4,3,4,3,만족
815,1,6,4,3,11,3,2,3,1,1,3,2,Y,4,10,3,0,80000,2,40000,0,9,경기도,0,Y,Y,N,N,N,1,5,3,3,9,1,3,9,9,4,4,9,4,2,3,3,3,보통
817,1,4,4,2,11,1,3,1,1,1,4,4,Y,4,3,1,0,150000,3,50000,0,11,충청북도,0,Y,Y,N,N,N,1,8,14,5,4,5,5,9,4,4,4,9,4,5,4,4,4,만족
820,2,5,3,2,11,1,4,1,1,1,2,3,N,2,3,1,0,123000,2,61500,0,11,충청북도,0,Y,Y,N,N,N,1,14,1,4,9,4,4,3,4,5,5,9,4,4,4,4,4,만족
821,2,6,3,2,11,1,5,1,1,1,2,3,N,5,3,1,0,80000,2,40000,0,6,대전광역시,0,Y,Y,N,N,N,1,2,1,5,9,4,5,9,4,5,4,9,3,4,4,4,3,만족
822,1,6,3,4,11,1,8,1,2,1,3,2,Y,4,6,2,0,50000,1,50000,0,11,충청북도,0,N,Y,N,N,Y,1,1,3,2,3,4,3,9,9,3,2,3,4,3,2,3,3,보통
823,1,5,4,2,11,1,1,1,1,1,6,3,Y,4,12,4,0,150000,2,75000,0,11,충청북도,0,Y,Y,N,N,Y,1,5,11,5,4,4,5,4,5,4,4,9,4,4,4,4,4,만족
825,1,6,3,2,11,3,7,3,2,1,3,2,Y,4,1,4,0,58000,1,58000,0,11,충청북도,0,Y,Y,N,N,Y,1,9,4,3,2,4,3,9,9,4,4,9,3,4,3,2,2,불만족
826,1,3,4,1,11,3,6,3,2,1,3,2,Y,4,1,4,0,31000,1,31000,0,11,충청북도,0,N,Y,N,N,Y,1,13,8,1,2,4,2,9,9,3,3,9,4,3,2,2,2,불만족
827,1,5,4,2,11,1,3,1,1,1,4,3,N,5,3,1,0,40000,1,40000,0,8,세종특별자치시,0,Y,Y,N,N,N,1,1,5,5,4,4,4,9,4,5,4,9,4,4,5,4,4,매우만족
828,1,4,4,2,11,1,3,1,1,1,4,2,N,5,3,1,0,70000,1,70000,0,1,서울특별시,0,Y,Y,N,N,N,1,5,14,5,9,5,4,9,4,4,4,9,4,4,5,5,5,매우만족
829,1,3,3,1,11,1,7,1,1,1,3,2,Y,4,7,2,0,80000,1,80000,0,11,충청북도,0,Y,Y,N,N,N,1,5,0,4,3,4,3,4,4,4,5,4,4,3,4,3,3,만족
832,1,4,4,2,11,1,3,1,1,1,3,3,Y,1,10,3,0,99999,3,33333,0,12,충청남도,0,Y,Y,N,N,N,1,4,5,4,9,4,4,9,3,3,3,9,4,4,5,4,4,매우만족
833,1,3,4,2,11,1,3,1,1,1,3,2,N,5,10,3,0,50000,1,50000,0,11,충청북도,0,Y,N,Y,N,N,1,5,4,5,9,4,4,9,4,4,4,9,4,4,5,4,4,매우만족
834,1,4,4,2,12,1,3,1,2,1,5,4,Y,4,1,4,0,120000,2,60000,0,1,서울특별시,0,Y,Y,N,N,N,1,8,2,4,9,4,4,5,4,4,4,9,3,4,4,4,4,만족
836,1,3,4,2,12,1,2,1,1,1,3,2,N,5,4,1,0,30000,1,30000,0,11,충청북도,0,Y,Y,Y,N,N,1,9,5,4,3,4,4,4,5,4,5,4,4,4,4,4,4,만족
838,1,5,3,2,12,1,8,1,1,1,4,3,N,1,8,2,1,400000,4,100000,1,11,충청북도,3,Y,Y,N,Y,Y,1,3,5,5,5,5,4,9,4,4,4,5,4,4,5,5,4,매우만족
839,1,3,4,2,12,1,4,1,1,1,4,2,Y,4,8,2,0,80000,2,40000,0,12,충청남도,0,Y,Y,N,N,N,1,2,11,4,9,4,4,9,4,4,4,9,4,4,4,4,4,만족
850,2,5,3,2,12,1,5,1,1,1,3,4,Y,4,5,1,0,110000,1,110000,0,6,대전광역시,0,N,N,N,N,Y,1,15,0,5,4,4,5,4,5,4,5,9,5,4,4,5,5,매우만족
852,1,3,4,2,12,1,3,1,1,1,3,2,Y,1,7,2,0,105003,3,35001,0,12,충청남도,0,Y,Y,N,N,N,1,14,1,5,4,4,4,9,4,4,4,9,4,4,4,4,4,만족
854,1,4,4,2,12,1,3,1,1,1,4,2,Y,1,3,1,0,955000,4,238750,0,12,충청남도,0,N,Y,Y,N,N,1,8,12,4,4,5,4,4,3,4,5,4,4,4,5,4,4,매우만족
860,1,4,4,2,12,3,5,3,1,1,2,2,Y,4,5,1,0,50000,1,50000,0,8,세종특별자치시,0,N,N,N,N,Y,1,13,0,3,9,3,3,9,3,3,3,9,3,3,4,3,3,만족
862,2,4,4,2,12,1,4,1,1,1,3,3,Y,4,7,2,0,94100,1,94100,0,1,서울특별시,0,N,N,N,N,Y,1,13,0,2,9,2,3,9,4,4,4,9,3,2,3,3,3,보통
863,1,5,4,2,12,1,3,1,1,1,4,2,Y,4,10,3,0,57666,1,57666,0,12,충청남도,0,N,N,N,Y,N,1,4,1,4,5,5,4,4,4,4,5,9,4,4,5,5,5,매우만족
866,1,5,4,2,12,1,3,1,1,1,5,4,Y,4,5,1,0,50000,1,50000,0,12,충청남도,0,N,N,N,N,Y,1,13,0,9,9,4,4,9,4,5,4,4,3,4,4,4,4,만족
869,1,5,4,2,12,2,4,2,2,1,6,4,N,5,7,2,0,60000,2,30000,0,6,대전광역시,0,Y,Y,N,Y,Y,3,2,1,5,5,4,4,4,4,3,4,4,4,4,5,4,4,매우만족
872,1,2,4,1,12,1,3,1,1,1,3,2,Y,4,1,4,2,347001,3,115667,0,16,경상남도,2,Y,N,N,N,N,1,15,0,5,5,4,4,9,4,4,4,9,4,4,4,4,4,만족
874,1,3,4,2,12,3,5,3,2,1,4,2,Y,2,7,2,2,699996,3,233332,1,12,충청남도,4,Y,Y,N,N,N,1,4,12,5,9,4,4,4,4,4,4,9,4,4,4,4,4,만족
876,1,5,3,2,12,1,3,1,1,1,5,3,Y,5,4,1,0,150000,2,75000,0,11,충청북도,0,Y,Y,N,Y,Y,1,11,14,4,5,5,4,4,4,4,3,4,4,5,3,3,3,보통
877,1,3,4,1,12,1,2,1,1,1,2,1,Y,4,4,1,0,51000,1,51000,0,6,대전광역시,0,Y,Y,N,N,Y,1,11,14,3,9,4,3,4,3,4,3,3,2,3,3,3,3,보통
878,1,4,4,1,12,1,2,1,1,1,4,3,Y,4,4,1,0,240000,1,240000,0,1,서울특별시,0,N,Y,N,N,Y,10,5,4,1,2,1,4,5,3,5,4,9,1,1,4,4,4,만족
880,1,2,4,1,12,1,3,1,1,1,3,4,Y,4,2,4,0,112002,3,37334,0,6,대전광역시,0,Y,N,N,Y,N,1,14,1,4,5,4,4,9,5,5,4,9,4,4,4,4,4,만족
881,1,3,3,2,12,3,6,3,2,1,4,3,Y,4,3,1,0,75000,1,75000,0,12,충청남도,0,Y,Y,N,N,N,1,1,0,3,9,4,3,4,3,4,4,9,4,4,3,3,3,보통
883,1,5,3,2,12,1,3,1,1,1,7,4,Y,4,4,1,0,50000,1,50000,0,1,서울특별시,0,N,Y,N,N,Y,1,1,4,4,9,4,4,9,4,4,4,9,3,4,4,4,4,만족
885,2,6,3,2,12,1,4,1,1,1,2,2,Y,4,9,3,0,150000,2,75000,0,12,충청남도,0,N,Y,N,N,N,1,3,14,4,5,4,4,4,9,4,5,9,2,2,5,5,5,매우만족
886,1,3,4,1,12,1,3,1,1,1,4,3,N,5,3,1,0,70000,1,70000,0,8,세종특별자치시,0,Y,Y,Y,N,N,1,6,8,5,5,5,4,9,5,5,5,9,4,4,4,4,4,만족
887,1,4,4,1,12,1,3,1,1,1,4,3,Y,4,9,3,0,120000,2,60000,0,12,충청남도,0,Y,Y,N,N,N,1,4,3,2,3,4,3,9,9,3,4,9,3,3,2,2,2,불만족
891,1,4,4,2,12,1,3,1,1,1,5,3,Y,4,2,4,0,80000,1,80000,0,6,대전광역시,0,N,N,N,N,N,1,9,0,3,9,4,4,9,4,4,3,9,4,3,3,4,3,만족
898,1,2,4,1,12,1,5,1,2,1,3,3,Y,4,7,2,0,50000,1,50000,0,12,충청남도,0,Y,Y,Y,N,N,1,2,11,4,5,4,4,5,4,4,3,4,4,3,4,4,4,만족
900,2,3,4,1,12,1,3,1,1,1,3,2,N,5,10,3,0,30000,1,30000,0,6,대전광역시,0,Y,N,Y,Y,N,1,1,11,4,4,4,3,3,4,3,4,9,3,3,4,4,4,만족
904,1,3,4,2,12,1,3,1,1,1,3,3,N,5,8,2,0,300000,3,100000,0,12,충청남도,0,Y,Y,N,N,N,1,2,4,5,9,5,5,9,4,4,4,9,4,4,4,4,4,만족
908,2,5,3,4,12,1,4,1,2,2,3,2,Y,4,3,1,0,32500,1,32500,0,12,충청남도,0,N,Y,N,N,Y,6,2,4,3,9,4,4,4,4,5,4,9,4,4,4,4,4,만족
913,1,5,4,2,12,1,3,1,1,1,5,4,Y,4,10,3,0,100000,2,50000,0,8,세종특별자치시,0,Y,N,N,N,N,1,5,14,5,9,4,4,9,5,5,5,9,4,4,4,4,4,만족
915,1,2,4,1,12,1,3,1,1,1,3,3,Y,1,4,1,0,123334,1,123334,0,6,대전광역시,0,N,Y,N,N,N,1,2,14,9,9,2,4,4,3,4,3,9,3,2,4,4,4,만족
922,2,5,3,2,12,4,6,4,2,1,1,3,Y,4,1,4,0,255000,1,255000,0,13,전라북도,0,Y,Y,N,N,N,1,7,9,5,9,5,4,5,5,4,5,9,5,4,5,5,5,매우만족
927,1,6,3,2,12,3,4,3,2,1,3,2,Y,4,9,3,0,30000,1,30000,0,6,대전광역시,0,N,Y,N,N,N,1,5,3,2,3,3,4,9,9,4,3,3,4,5,3,3,3,보통
931,1,2,4,1,12,1,5,1,2,1,2,1,Y,4,12,4,0,30000,1,30000,0,12,충청남도,0,N,Y,N,N,Y,1,4,8,9,9,3,4,9,9,3,4,9,3,3,3,3,4,만족
935,1,6,3,2,12,3,6,3,2,1,4,3,Y,4,9,3,0,450000,1,450000,0,12,충청남도,0,N,N,N,N,Y,1,15,0,4,5,9,4,9,4,4,3,9,3,3,4,3,3,만족
937,2,5,3,2,13,1,5,1,2,1,2,3,N,1,1,4,1,421500,2,210750,0,15,경상북도,0,Y,Y,Y,Y,N,1,1,8,5,5,4,5,5,5,5,5,5,5,5,5,5,5,매우만족
939,1,5,4,2,13,1,1,1,1,1,7,4,Y,4,3,1,0,86000,1,86000,0,8,세종특별자치시,0,Y,Y,N,Y,N,1,5,4,4,5,5,4,5,4,4,4,4,5,5,5,4,5,매우만족
940,1,4,3,2,13,3,8,3,1,1,4,3,Y,4,3,1,0,118750,1,118750,0,5,광주광역시,0,Y,Y,N,Y,N,1,2,4,4,5,4,4,4,5,4,4,4,4,4,5,5,4,매우만족
941,1,6,4,2,13,2,2,2,1,1,7,4,Y,4,3,1,0,125250,1,125250,0,9,경기도,0,Y,Y,N,Y,N,1,5,11,5,9,5,4,4,4,4,5,5,4,4,5,5,4,매우만족
942,2,2,4,1,13,1,3,1,1,1,3,4,Y,4,3,1,0,110000,1,110000,0,11,충청북도,0,Y,N,N,Y,N,1,1,14,4,9,5,4,4,9,4,4,4,4,4,5,4,4,매우만족
943,2,3,4,1,13,1,2,1,1,1,4,3,Y,4,6,2,1,192500,1,192500,0,5,광주광역시,9,N,Y,N,Y,Y,1,8,1,9,9,3,5,9,4,4,5,5,4,4,4,4,4,만족
944,1,3,4,2,13,1,3,1,1,1,3,2,Y,1,3,1,0,110001,3,36667,0,13,전라북도,0,N,Y,N,N,N,1,1,12,4,5,4,4,4,4,3,4,4,4,4,4,4,4,만족
945,1,4,4,2,13,3,5,3,2,1,2,2,N,5,3,1,0,30000,1,30000,0,13,전라북도,0,Y,Y,N,Y,N,1,12,14,4,5,4,5,5,5,4,4,5,5,4,4,4,4,만족
946,1,3,4,2,13,1,2,1,1,1,4,3,Y,4,6,2,0,72000,1,72000,0,13,전라북도,0,Y,N,N,Y,N,1,9,3,4,4,4,3,5,9,4,4,4,4,4,4,4,4,만족
947,1,2,4,1,13,1,3,1,2,1,3,2,Y,1,8,2,0,69999,3,23333,0,13,전라북도,0,Y,N,N,N,N,1,8,3,4,9,4,4,5,4,4,4,9,4,4,4,4,4,만족
948,1,4,4,2,13,1,3,1,1,1,4,3,Y,4,6,2,0,95000,1,95000,0,5,광주광역시,0,N,Y,N,Y,Y,1,8,1,9,9,3,4,9,4,5,4,4,4,4,4,4,4,만족
950,1,4,4,2,13,1,3,1,1,1,5,4,Y,4,12,4,0,180000,1,180000,0,14,전라남도,0,Y,Y,N,Y,Y,1,1,2,5,4,4,5,9,5,4,5,9,5,5,5,4,4,매우만족
952,1,3,4,1,13,1,2,1,1,1,3,2,Y,4,8,2,0,272000,2,136000,0,8,세종특별자치시,0,Y,N,N,N,Y,1,9,5,4,9,4,3,4,9,4,5,9,4,4,4,4,4,만족
956,1,6,4,2,13,2,2,2,1,1,5,3,Y,4,3,1,0,126000,1,126000,0,13,전라북도,0,Y,Y,N,Y,N,1,2,3,4,5,5,4,4,4,5,4,4,4,4,5,4,5,매우만족
958,1,4,4,2,14,3,7,3,1,1,3,2,Y,4,12,4,0,240000,2,120000,0,13,전라북도,0,Y,N,N,Y,N,1,5,11,4,5,4,5,9,4,4,4,9,4,4,4,4,4,만족
959,1,3,4,1,14,1,3,1,1,1,3,3,Y,4,1,4,0,347000,1,347000,0,5,광주광역시,0,N,Y,N,Y,N,1,8,1,9,9,4,5,4,4,5,5,9,4,4,5,4,4,매우만족
960,2,3,4,1,14,1,3,1,1,1,4,3,Y,4,1,4,2,550000,1,550000,0,1,서울특별시,1,N,Y,N,Y,Y,2,1,2,9,9,3,4,9,4,5,5,4,4,4,5,4,4,매우만족
961,1,5,4,2,14,1,8,1,1,1,3,2,Y,4,4,1,0,84000,1,84000,0,14,전라남도,0,N,Y,N,N,Y,1,11,5,4,9,4,4,9,9,4,4,9,3,4,4,3,3,만족
962,1,5,4,2,14,1,2,1,1,1,5,3,Y,4,4,1,0,106500,1,106500,0,13,전라북도,0,N,Y,N,Y,N,1,11,5,4,4,4,4,5,9,4,5,4,5,5,4,4,4,만족
971,1,5,4,2,14,1,2,1,1,1,7,5,Y,4,6,2,0,100000,1,100000,0,6,대전광역시,0,N,N,N,N,Y,1,15,0,5,9,4,4,9,9,4,4,9,3,4,4,4,4,만족
972,1,2,4,1,14,1,3,1,1,1,3,2,N,5,5,1,0,20000,2,10000,0,5,광주광역시,0,Y,Y,N,N,N,1,9,14,4,4,4,5,5,4,4,5,4,4,4,4,4,4,만족
973,1,4,4,2,14,1,3,1,1,1,3,2,Y,4,1,4,0,160000,1,160000,0,13,전라북도,0,N,Y,N,Y,N,1,2,1,5,5,4,5,9,5,4,5,9,5,5,4,4,4,만족
974,2,4,4,1,14,1,3,1,1,1,4,3,Y,4,1,4,0,70000,1,70000,0,14,전라남도,0,N,N,N,N,Y,1,2,1,5,4,5,5,9,5,4,5,5,5,4,4,4,4,만족
975,1,6,3,2,14,1,5,1,1,1,4,3,Y,4,1,4,0,150003,3,50001,0,14,전라남도,0,Y,N,N,N,N,1,11,0,4,5,5,4,3,3,4,5,4,4,4,4,3,4,만족
978,1,6,4,2,14,1,8,1,1,1,4,3,Y,2,1,4,0,170000,4,42500,0,14,전라남도,0,Y,N,N,N,Y,1,9,5,3,4,3,3,9,3,3,4,9,4,3,3,3,3,보통
979,1,3,4,1,14,1,3,1,1,1,4,3,Y,4,1,4,0,106667,1,106667,0,5,광주광역시,0,Y,Y,N,Y,Y,1,1,2,5,5,5,4,5,4,5,5,9,5,4,5,5,4,매우만족
980,1,3,4,1,14,1,3,1,1,1,3,2,Y,4,4,1,1,94850,1,94850,0,5,광주광역시,1,Y,Y,Y,N,N,1,9,5,4,9,5,5,9,4,5,4,4,5,4,4,4,4,만족
981,1,3,4,1,14,1,3,1,1,1,4,3,Y,4,4,1,0,154000,1,154000,0,5,광주광역시,0,Y,Y,N,N,Y,1,2,8,4,9,5,4,5,4,4,4,4,5,4,5,5,4,매우만족
983,2,4,4,2,15,3,5,3,2,1,3,3,Y,4,7,2,0,100000,1,100000,0,3,대구광역시,0,N,Y,N,N,N,1,13,8,4,9,5,4,9,4,4,4,9,4,4,4,4,4,만족
989,1,2,4,1,15,3,4,3,2,1,3,2,Y,4,6,2,0,100000,1,100000,0,2,부산광역시,0,Y,N,N,N,N,1,15,4,4,9,4,3,9,4,4,4,9,2,4,3,3,3,보통
991,2,4,4,2,15,1,3,1,1,1,4,3,Y,4,4,1,0,40000,1,40000,0,15,경상북도,0,Y,N,N,N,N,1,2,15,4,4,5,4,9,4,4,4,9,4,5,4,4,4,만족
998,1,7,1,2,15,3,5,3,2,1,2,1,Y,4,8,2,0,52000,1,52000,0,7,울산광역시,0,Y,N,N,N,N,6,15,1,4,9,4,4,9,3,4,4,9,3,4,4,4,4,만족
999,1,4,4,1,15,1,5,1,2,1,3,3,Y,4,7,2,0,51700,1,51700,0,3,대구광역시,0,N,N,N,Y,Y,1,1,4,9,9,3,5,3,4,4,3,9,3,2,3,3,3,보통
1000,1,2,4,1,15,3,4,3,2,1,4,3,Y,4,1,4,0,295000,1,295000,0,7,울산광역시,0,N,Y,N,Y,N,1,1,5,9,9,4,5,9,3,4,5,9,4,4,4,5,4,매우만족
1003,1,3,4,2,15,1,8,1,1,1,5,3,Y,4,5,1,0,150000,1,150000,0,15,경상북도,0,N,Y,N,N,N,1,7,1,3,9,4,9,4,4,9,5,9,3,2,4,5,3,만족
1005,2,5,3,2,15,3,4,3,2,1,3,3,Y,4,8,2,2,150003,3,50001,0,14,전라남도,12,Y,N,N,Y,N,1,5,14,5,4,5,4,9,4,4,4,9,4,5,4,4,4,만족
1007,1,5,3,2,15,3,4,3,2,1,4,3,Y,4,10,3,0,171000,1,171000,0,1,서울특별시,0,N,N,N,Y,N,2,15,4,9,9,4,3,4,3,4,3,9,3,4,4,3,3,만족
1009,2,3,4,2,15,3,4,3,2,1,2,2,Y,4,12,4,1,500001,3,166667,0,1,서울특별시,9,Y,N,N,N,Y,1,1,15,4,9,5,4,9,4,4,5,9,4,5,4,4,5,매우만족
1010,1,6,2,2,15,3,6,3,2,1,2,1,Y,4,2,4,0,59000,2,29500,0,3,대구광역시,0,N,N,N,N,Y,1,14,0,3,9,4,4,9,4,4,4,9,3,4,3,3,3,보통
1012,1,5,4,1,15,3,8,3,1,1,3,2,Y,4,1,4,0,50000,1,50000,0,11,충청북도,0,N,Y,N,N,N,1,5,4,3,3,4,4,9,4,4,4,9,4,4,4,3,3,만족
1013,1,6,3,2,15,2,5,2,2,1,5,3,Y,4,1,4,0,72000,2,36000,0,15,경상북도,0,N,Y,N,N,N,1,5,3,4,9,5,4,9,4,4,4,9,4,4,4,4,4,만족
1018,1,4,4,2,15,1,3,1,1,1,4,3,Y,4,2,4,0,60000,1,60000,0,1,서울특별시,0,N,Y,N,N,N,6,15,0,9,9,4,4,9,9,5,4,9,2,2,4,4,3,만족
1019,1,5,4,4,15,1,3,1,2,1,4,3,Y,4,3,1,0,50000,1,50000,0,15,경상북도,0,Y,N,N,N,N,1,4,15,4,9,4,4,9,5,4,5,9,4,4,4,4,4,만족
1020,1,5,4,2,15,3,5,3,2,1,4,3,Y,4,3,1,0,60800,1,60800,0,15,경상북도,0,Y,Y,N,N,N,1,15,0,4,9,3,3,9,9,4,3,9,3,3,3,3,3,보통
1021,1,1,4,1,15,1,4,1,2,1,1,2,Y,4,2,4,0,64000,1,64000,0,3,대구광역시,0,N,Y,N,Y,N,2,13,15,9,9,4,5,9,9,4,4,9,3,3,4,4,4,만족
1023,1,5,3,2,15,3,4,3,2,1,4,2,Y,4,4,1,0,20000,1,20000,0,11,충청북도,0,N,Y,N,N,N,1,8,0,5,9,4,4,9,4,5,4,9,4,4,4,4,4,만족
1024,2,6,4,3,15,3,2,3,2,1,4,3,Y,4,4,1,1,477000,1,477000,0,15,경상북도,3,Y,Y,N,N,N,10,15,0,5,9,4,4,9,5,4,4,9,4,4,5,4,5,매우만족
1025,2,6,3,2,15,1,3,1,2,1,2,3,Y,4,4,1,0,62600,1,62600,0,1,서울특별시,0,N,N,N,N,N,5,15,0,9,9,5,4,9,9,5,4,9,4,3,4,5,4,매우만족
1026,2,5,3,4,15,3,5,3,1,1,3,2,Y,4,4,1,0,12500,1,12500,0,15,경상북도,0,N,N,N,N,Y,1,13,0,9,9,4,4,9,9,9,4,9,4,3,4,4,4,만족
1027,1,6,3,2,15,3,7,3,2,1,4,3,Y,4,3,1,0,40000,1,40000,0,15,경상북도,0,N,N,N,Y,N,1,4,0,4,5,4,4,9,5,4,4,9,3,4,4,4,4,만족
1030,1,5,4,2,15,1,3,1,1,1,5,3,Y,4,12,4,1,300000,1,300000,0,1,서울특별시,1,N,Y,N,N,N,6,15,0,9,9,4,4,9,9,4,4,9,3,2,4,5,3,만족
1034,1,2,4,1,15,1,3,1,1,1,3,3,Y,4,5,1,1,200000,1,200000,0,17,제주특별자치도,0,Y,Y,N,N,Y,3,4,1,4,4,4,3,4,4,4,4,9,3,3,4,4,4,만족
1036,1,2,4,1,15,1,7,1,2,1,2,3,Y,4,1,4,2,163000,1,163000,0,2,부산광역시,12,Y,Y,N,N,Y,6,5,2,4,9,4,4,4,4,4,9,4,4,4,4,4,4,만족
1037,1,5,4,4,15,3,7,3,1,1,3,2,Y,4,3,1,0,51000,1,51000,0,16,경상남도,0,Y,Y,N,N,N,1,4,11,4,9,4,4,9,4,4,4,9,4,4,4,4,4,만족
1038,2,4,4,2,15,1,2,1,1,1,3,3,Y,4,2,4,0,71000,2,35500,0,3,대구광역시,0,Y,N,N,N,N,1,1,2,4,9,5,4,4,4,4,5,9,3,4,4,4,4,만족
1043,2,5,4,2,15,3,5,3,2,1,4,3,Y,4,11,3,0,48500,2,24250,0,3,대구광역시,0,Y,Y,N,N,N,1,5,11,4,4,5,4,4,4,4,4,9,4,3,4,4,4,만족
1053,2,2,3,1,15,1,4,1,1,1,2,3,N,1,11,3,0,50000,1,50000,0,15,경상북도,0,Y,Y,N,N,N,1,1,3,4,9,4,3,4,9,3,3,9,3,4,4,4,4,만족
1056,1,4,4,2,15,3,5,3,2,1,6,3,N,5,2,4,0,70000,1,70000,0,3,대구광역시,0,Y,Y,N,Y,N,1,2,5,4,4,4,4,3,3,4,4,4,3,4,4,4,4,만족
1058,1,4,4,2,15,1,3,1,1,1,4,3,N,1,5,1,0,37500,1,37500,0,15,경상북도,0,Y,Y,N,N,N,1,8,4,5,4,5,5,9,9,4,4,9,4,4,4,4,4,만족
1060,2,6,2,2,15,3,4,3,2,1,4,2,Y,4,5,1,0,100000,1,100000,0,3,대구광역시,0,N,Y,N,N,N,6,4,7,4,9,4,9,9,9,4,3,9,4,3,4,4,4,만족
1066,2,6,3,2,15,4,5,4,2,1,1,3,N,1,11,3,0,65000,1,65000,0,11,충청북도,0,Y,Y,N,N,N,1,2,4,5,9,4,4,9,9,4,4,9,3,4,4,4,4,만족
1068,1,5,3,2,15,3,7,3,2,1,6,3,N,5,10,3,0,30000,1,30000,0,15,경상북도,0,Y,Y,N,N,N,1,4,1,4,9,4,4,9,4,4,4,9,4,4,4,4,4,만족
1072,1,4,3,2,15,3,5,3,2,1,4,3,Y,4,1,4,0,100000,1,100000,0,15,경상북도,0,N,Y,N,N,N,1,8,9,4,5,4,4,9,4,4,4,9,4,4,4,4,4,만족
1077,1,5,3,3,15,3,7,3,2,1,3,2,Y,4,2,4,0,41000,1,41000,0,3,대구광역시,0,N,Y,N,Y,N,1,3,1,3,3,4,4,9,9,9,4,9,3,4,4,4,4,만족
1079,1,5,3,2,15,1,8,1,2,1,3,2,Y,4,5,1,0,51000,1,51000,0,15,경상북도,0,N,Y,N,Y,N,1,1,0,4,4,4,4,9,4,9,4,9,3,4,3,3,4,만족
1081,1,6,4,2,15,1,3,1,1,1,5,4,Y,4,1,4,0,75000,1,75000,0,3,대구광역시,0,Y,Y,N,N,N,1,1,4,3,9,4,4,9,9,9,9,9,4,4,4,3,3,만족
1084,1,5,4,2,15,3,6,3,2,1,3,3,Y,4,7,2,0,1207000,1,1207000,0,3,대구광역시,0,N,Y,N,N,Y,1,14,7,9,9,4,5,9,9,5,9,9,3,4,4,4,4,만족
1087,1,4,3,1,15,3,7,3,2,1,4,3,Y,5,7,2,0,25000,1,25000,0,16,경상남도,0,N,Y,N,N,N,1,8,4,9,9,4,4,3,9,4,4,9,4,4,4,4,4,만족
1090,1,6,3,2,15,3,4,3,2,1,3,2,Y,4,8,2,0,91000,2,45500,0,15,경상북도,0,Y,N,N,N,N,1,13,2,4,9,4,3,9,9,5,4,9,3,4,4,4,4,만족
1092,1,4,4,2,15,3,6,3,2,1,4,2,Y,4,3,1,0,62000,1,62000,0,11,충청북도,0,N,Y,N,N,N,1,5,8,9,9,3,2,9,9,3,2,9,3,3,2,2,2,불만족
1093,1,4,3,2,15,3,6,3,2,1,4,3,Y,4,9,3,0,102000,2,51000,0,3,대구광역시,0,Y,Y,N,N,N,1,1,8,3,9,4,3,9,9,4,3,9,3,3,3,3,3,보통
1095,2,5,3,2,15,1,3,1,1,1,3,3,Y,4,2,4,0,40000,1,40000,0,10,강원도,0,Y,Y,N,N,N,1,1,5,4,4,4,4,4,4,3,4,4,4,4,4,4,4,만족
1097,1,5,4,2,16,1,3,1,1,1,4,3,N,1,5,1,1,100000,1,100000,0,16,경상남도,0,Y,N,N,N,N,1,5,4,5,5,5,4,9,5,5,5,4,5,5,5,5,4,매우만족
1098,1,4,4,2,16,1,3,1,1,1,4,3,Y,4,2,4,1,260000,2,130000,0,2,부산광역시,0,Y,Y,N,N,N,1,2,0,5,5,3,5,9,4,4,5,9,4,3,4,4,4,만족
1100,1,5,4,2,16,1,3,1,1,1,4,3,Y,4,3,1,0,181000,4,45250,0,14,전라남도,0,Y,N,N,N,Y,1,4,5,5,5,4,5,5,5,5,5,5,5,4,4,4,4,만족
1102,1,5,4,2,16,1,1,1,1,1,6,3,Y,4,6,2,0,51250,1,51250,0,16,경상남도,0,N,N,N,N,N,1,5,4,5,9,5,5,9,5,5,5,9,4,4,4,4,4,만족
1104,1,5,4,2,16,1,3,1,1,1,5,4,Y,4,6,2,1,172500,1,172500,0,1,서울특별시,1,Y,Y,N,N,N,2,2,3,4,9,3,5,9,4,4,4,9,3,3,4,3,3,만족
1109,1,2,4,1,16,1,3,1,1,1,4,4,Y,4,1,4,0,200000,4,50000,0,16,경상남도,0,N,N,N,Y,N,1,13,0,4,4,5,3,3,4,4,4,3,4,4,4,4,4,만족
1111,1,5,4,2,16,1,3,1,1,1,6,3,Y,4,5,1,1,136000,1,136000,0,6,대전광역시,1,N,N,N,N,N,2,15,0,4,4,4,4,3,3,3,4,5,4,3,4,4,4,만족
1114,2,3,3,1,16,1,3,1,1,1,4,3,N,1,6,2,1,103333,1,103333,0,16,경상남도,3,Y,Y,N,N,N,4,1,5,4,9,5,5,5,5,4,5,9,5,5,4,4,4,만족
1116,1,4,4,2,16,1,3,1,1,1,4,2,N,1,4,1,0,41750,1,41750,0,16,경상남도,0,Y,N,N,N,N,1,3,5,5,9,5,5,9,5,5,5,9,5,5,5,5,5,매우만족
1118,1,3,4,2,16,1,3,1,1,1,4,2,Y,4,1,4,0,225003,3,75001,0,16,경상남도,0,Y,N,N,N,N,1,5,14,5,9,5,5,9,5,5,5,9,5,5,5,4,4,매우만족
1119,1,3,4,2,16,1,3,1,2,1,4,2,Y,4,6,2,0,70000,1,70000,0,16,경상남도,0,N,N,N,N,Y,1,15,0,9,9,4,4,4,9,4,4,9,3,4,4,4,4,만족
1121,1,5,3,2,16,1,7,1,1,1,5,3,Y,4,7,2,0,60000,1,60000,0,16,경상남도,0,Y,N,N,N,N,1,3,0,5,9,5,5,5,5,5,5,9,5,5,4,4,4,만족
1125,1,3,4,2,16,1,3,1,1,1,4,2,Y,4,12,4,0,80000,2,40000,0,2,부산광역시,0,N,N,N,N,N,1,15,0,4,9,4,4,4,4,4,4,9,4,4,4,4,4,만족
1132,2,3,4,2,16,1,4,1,1,1,5,3,Y,4,12,4,1,300000,4,75000,0,7,울산광역시,2,N,N,N,N,Y,1,14,9,5,5,5,5,4,5,5,5,5,5,5,4,4,4,만족
1133,1,4,4,2,16,1,3,1,1,1,3,2,N,1,8,2,0,145998,3,48666,0,16,경상남도,0,Y,Y,N,N,N,1,4,1,4,4,4,4,9,4,4,4,9,3,4,4,4,4,만족
1134,1,2,4,1,16,1,5,1,2,1,2,3,N,1,4,1,1,175000,1,175000,0,14,전라남도,3,Y,Y,N,N,N,1,1,2,4,9,4,4,3,4,4,4,9,3,4,4,4,4,만족
1135,1,3,4,2,16,1,3,1,1,1,5,3,Y,4,6,2,1,230000,1,230000,0,15,경상북도,2,Y,Y,N,N,Y,1,2,1,5,4,4,4,9,4,4,5,9,2,3,4,4,4,만족
1137,1,3,4,2,16,1,3,1,1,1,3,2,N,1,12,4,0,101001,3,33667,0,16,경상남도,0,Y,Y,N,N,N,1,2,1,4,4,4,4,9,4,3,3,9,3,4,4,4,4,만족
1138,2,4,4,2,16,1,4,1,2,1,3,4,Y,4,12,4,1,225000,3,75000,0,16,경상남도,3,Y,Y,N,Y,N,1,3,5,4,4,4,5,9,4,4,5,9,4,4,4,4,4,만족
1139,1,3,4,1,16,1,7,1,1,1,4,3,N,2,1,4,0,211596,6,35266,0,2,부산광역시,0,Y,Y,N,N,N,1,5,1,5,9,4,5,9,4,4,4,9,4,4,4,4,4,만족
1140,1,4,3,2,16,1,8,1,1,1,4,4,Y,4,2,4,0,100002,3,33334,0,16,경상남도,0,N,Y,N,N,N,1,4,5,9,9,5,5,9,5,5,5,9,5,5,4,4,4,만족
1142,1,5,4,2,16,1,3,1,1,1,6,3,Y,4,8,2,0,48000,1,48000,0,3,대구광역시,0,N,N,N,N,N,1,15,0,9,9,4,3,9,9,9,9,4,9,9,4,3,3,만족
1143,1,3,4,1,16,1,3,1,1,1,4,3,Y,4,10,3,0,50000,1,50000,0,7,울산광역시,0,Y,Y,N,N,N,1,2,0,4,5,4,3,9,4,4,9,9,9,4,4,4,4,만족
1145,1,4,4,2,16,1,3,1,1,1,6,4,Y,4,1,4,2,315000,2,157500,0,16,경상남도,2,Y,Y,Y,Y,Y,1,13,0,4,3,4,3,4,4,3,3,3,4,3,3,4,3,만족
1146,2,3,4,1,16,1,2,1,1,1,6,4,Y,4,11,3,0,155000,2,77500,0,7,울산광역시,0,N,N,N,N,Y,1,14,13,4,9,4,4,4,4,4,9,9,9,4,4,4,4,만족
1147,1,3,4,2,16,1,3,1,1,1,4,2,Y,4,6,2,0,52000,1,52000,0,2,부산광역시,0,N,N,N,N,Y,1,3,8,9,9,3,4,3,4,4,3,4,3,3,4,4,4,만족
1151,1,3,4,1,16,1,3,1,1,2,2,3,Y,4,2,4,0,111000,4,27750,0,15,경상북도,0,Y,N,N,N,N,1,2,4,5,4,5,5,5,5,4,5,5,5,5,4,4,4,만족
1152,2,4,4,2,16,1,4,1,1,1,4,4,Y,4,2,4,0,115000,4,28750,0,7,울산광역시,0,Y,N,N,N,Y,1,2,9,5,4,5,5,5,4,5,5,5,4,5,4,4,4,만족
1153,1,3,4,2,16,1,3,1,1,1,6,3,Y,4,6,2,0,150000,4,37500,0,2,부산광역시,0,N,N,N,N,Y,1,15,0,3,3,2,3,4,3,3,3,3,2,3,4,3,3,만족
1155,1,3,4,1,16,1,3,1,2,1,3,3,Y,4,10,3,0,50000,1,50000,0,16,경상남도,0,N,N,N,N,Y,1,15,0,4,9,4,4,9,9,4,4,9,4,4,3,4,4,만족
1156,1,3,4,1,16,1,3,1,1,1,3,2,Y,4,5,1,1,175000,1,175000,0,14,전라남도,3,Y,N,N,N,Y,1,5,14,5,9,4,4,9,5,5,9,9,4,4,4,4,4,만족
1157,1,4,4,2,16,1,3,1,1,1,5,3,Y,4,7,2,0,70000,2,35000,0,7,울산광역시,0,N,N,Y,N,N,1,15,0,3,3,4,4,3,3,4,4,2,3,3,3,3,3,보통
1158,1,4,4,2,16,1,3,1,1,1,4,2,Y,4,8,2,0,195000,2,97500,0,11,충청북도,0,N,N,N,N,Y,1,15,0,9,9,3,4,4,4,3,4,4,3,4,4,4,4,만족
1163,1,4,4,2,16,1,3,1,1,1,6,3,Y,4,2,4,1,400000,4,100000,0,2,부산광역시,7,Y,N,Y,Y,N,1,15,12,4,4,3,4,4,4,3,4,2,3,3,4,4,4,만족
1164,2,3,4,2,16,1,3,1,1,1,4,4,Y,4,2,4,0,225000,2,112500,0,1,서울특별시,0,N,Y,N,Y,Y,10,11,13,9,9,3,3,4,4,4,4,3,5,3,4,4,4,만족
1165,1,4,4,2,16,1,3,1,2,1,5,3,Y,4,3,1,0,159000,2,79500,0,7,울산광역시,0,N,Y,N,N,Y,1,13,10,4,9,4,4,9,4,3,4,4,4,4,4,4,4,만족
1167,1,4,4,2,16,1,3,1,1,1,5,3,Y,4,7,2,0,156000,2,78000,0,2,부산광역시,0,N,Y,N,N,Y,1,13,4,4,4,4,4,5,4,5,4,4,4,4,4,4,4,만족
1172,1,5,4,2,16,1,7,1,2,1,6,4,Y,4,3,1,0,105000,2,52500,0,7,울산광역시,0,Y,Y,N,N,N,1,8,5,4,5,5,5,9,9,4,4,9,4,4,4,4,4,만족
1175,1,4,4,2,16,1,3,1,1,1,5,4,Y,4,12,4,0,70000,1,70000,0,16,경상남도,0,N,N,N,N,N,1,15,0,9,9,4,4,9,9,9,9,9,4,4,4,4,4,만족
1176,1,3,4,2,16,1,3,1,1,1,4,2,Y,4,10,3,0,150000,2,75000,0,2,부산광역시,0,N,Y,N,N,Y,1,13,3,9,9,3,4,9,4,4,4,4,3,4,4,4,4,만족
1177,1,4,4,2,16,1,7,1,1,1,6,3,Y,4,4,1,0,30000,1,30000,0,16,경상남도,0,Y,N,N,N,N,1,11,0,4,9,4,4,9,9,9,4,9,4,9,4,4,4,만족
1178,1,3,4,1,16,1,3,1,2,1,4,3,Y,4,5,1,0,70000,1,70000,0,7,울산광역시,0,N,N,N,N,Y,1,15,0,4,4,4,4,4,4,4,4,9,3,4,4,4,4,만족
1179,2,4,4,1,16,1,3,1,1,1,4,3,Y,4,7,2,0,296004,3,98668,0,3,대구광역시,0,N,Y,N,N,Y,1,14,8,9,9,3,5,9,4,4,4,4,4,3,4,4,4,만족
1180,1,4,3,2,16,1,4,1,1,1,4,3,Y,4,4,1,0,31999,1,31999,0,16,경상남도,0,Y,N,N,N,N,1,1,5,5,9,5,5,5,5,5,5,5,4,5,4,4,4,만족
1182,1,5,4,2,16,1,4,1,1,1,6,4,Y,4,10,3,0,140000,4,35000,0,7,울산광역시,0,Y,N,N,N,Y,1,4,2,5,4,5,5,5,4,5,5,5,4,4,4,4,4,만족
1185,1,4,3,2,16,1,7,1,1,1,3,3,Y,4,10,3,0,95000,4,23750,0,16,경상남도,0,N,N,N,N,Y,1,5,4,5,4,5,5,4,5,5,5,5,5,5,4,4,4,만족
1186,1,5,4,2,16,3,6,3,2,1,6,4,Y,4,10,3,0,150000,4,37500,0,16,경상남도,0,N,N,N,N,Y,1,13,0,3,3,4,4,3,3,3,3,3,3,3,3,3,3,보통
1187,1,4,4,2,16,1,3,1,1,1,5,3,Y,4,10,3,0,100000,1,100000,0,16,경상남도,0,N,N,N,Y,N,1,13,0,4,3,4,3,3,4,3,3,3,3,4,3,3,3,보통
1188,1,6,3,2,16,2,7,2,1,1,3,2,Y,1,6,2,1,250000,2,125000,0,16,경상남도,0,Y,N,N,N,N,1,1,4,4,4,5,5,9,5,5,5,9,5,5,4,4,4,만족
1191,1,4,4,2,16,1,3,1,1,1,4,2,Y,4,7,2,0,15000,1,15000,0,16,경상남도,0,N,N,N,N,Y,1,13,0,3,3,4,4,9,4,4,4,9,3,3,3,3,3,보통
1193,2,2,4,1,16,1,3,1,1,1,2,3,Y,4,7,2,0,100000,2,50000,0,3,대구광역시,0,N,N,N,N,Y,1,13,0,4,3,3,4,4,3,3,3,3,2,3,4,3,3,만족
1194,1,3,4,1,16,1,2,1,1,1,4,3,Y,4,2,4,0,70000,2,35000,0,16,경상남도,0,Y,Y,N,N,N,1,5,0,5,9,4,4,9,9,4,4,9,4,4,4,4,4,만족
1198,1,5,3,2,16,3,5,3,2,1,3,2,Y,4,3,1,0,79000,2,39500,0,16,경상남도,0,Y,Y,N,N,N,1,3,1,5,9,3,4,9,9,4,9,9,9,9,4,4,3,만족
1199,1,3,4,2,16,1,3,1,1,1,4,2,N,1,4,1,0,88333,1,88333,0,16,경상남도,0,Y,N,N,N,N,1,14,9,5,4,5,5,5,5,5,5,5,4,4,4,4,4,만족
1200,1,5,4,2,16,1,3,1,1,1,4,3,N,1,3,1,0,235000,4,58750,0,16,경상남도,0,Y,N,N,N,N,1,4,3,5,5,5,5,9,5,5,5,9,4,5,5,5,5,매우만족
1201,1,3,3,2,16,1,7,1,1,1,4,3,N,5,3,1,0,35000,1,35000,0,14,전라남도,0,N,Y,Y,N,N,1,1,2,5,9,5,5,5,5,5,5,5,5,5,5,4,4,매우만족
1202,2,5,4,2,16,1,4,1,1,1,3,4,Y,4,6,2,0,78000,1,78000,0,16,경상남도,0,Y,N,Y,Y,N,1,11,2,5,4,4,4,4,3,4,3,3,3,4,4,4,4,만족
1204,2,5,1,2,16,3,6,3,1,1,3,2,Y,4,6,2,1,97500,1,97500,0,2,부산광역시,12,Y,N,N,N,N,1,2,6,5,5,4,5,5,5,4,5,5,4,5,4,4,4,만족
1205,1,4,3,2,16,1,8,1,2,1,3,2,Y,4,1,4,0,115000,4,28750,0,3,대구광역시,0,N,N,N,N,Y,1,4,2,5,5,5,4,5,5,5,5,5,5,5,4,4,4,만족
1206,1,5,3,2,16,1,4,1,2,1,3,2,Y,4,6,2,0,38334,1,38334,0,3,대구광역시,0,Y,N,N,N,Y,1,13,4,5,4,5,5,4,5,5,5,4,5,5,4,4,4,만족
1207,1,4,4,2,16,1,3,1,1,1,6,4,N,1,2,4,0,167001,3,55667,0,14,전라남도,0,Y,N,Y,Y,N,1,1,2,5,3,3,3,4,3,3,4,2,3,3,4,3,3,만족
1209,2,2,4,1,17,1,4,1,2,2,3,2,Y,4,8,2,1,150000,1,150000,0,3,대구광역시,1,N,N,N,N,Y,3,13,0,5,5,5,4,4,4,5,4,5,3,3,4,4,4,만족
1212,1,3,4,1,17,1,3,1,1,1,4,4,Y,4,10,3,0,300000,1,300000,0,1,서울특별시,0,N,Y,N,N,Y,5,15,0,3,3,3,4,9,4,4,4,9,9,4,3,3,3,보통
1217,1,4,4,2,17,2,5,2,2,1,7,4,Y,4,4,1,7,126500,1,126500,0,16,경상남도,12,N,Y,N,N,N,3,15,0,9,9,4,3,9,9,9,9,9,9,9,3,3,3,보통
1220,1,4,4,2,17,3,4,3,2,1,7,4,Y,4,11,3,1,2500000,10,250000,0,2,부산광역시,2,Y,Y,Y,N,Y,3,14,2,5,9,5,5,9,9,1,9,9,4,2,5,4,4,매우만족
